thisN,thisTrialN,thisRepN,key_resp.keys,key_resp.rt,key_resp.duration,trials_prac.thisRepN,trials_prac.thisTrialN,trials_prac.thisN,trials_prac.thisIndex,trials.thisRepN,trials.thisTrialN,trials.thisN,trials.thisIndex,thisRow.t,notes,intro.started,intro1.started,key_resp_2.started,intro.stopped,key_resp_2.keys,key_resp_2.rt,key_resp_2.duration,intro_2.started,key_resp_4.started,key_resp_4.keys,key_resp_4.rt,key_resp_4.duration,prac_frame.started,prac_image2.stopped,prac_key_resp.started,prac_image1.stopped,trials_prac.prac_key_resp.keys,trials_prac.prac_key_resp.rt,trials_prac.prac_key_resp.duration,start.started,start_trail.started,key_resp_3.started,start.stopped,key_resp_3.keys,key_resp_3.rt,key_resp_3.duration,trail.started,frame.started,image2.stopped,key_resp.started,image1.stopped,trail.stopped,trials.key_resp.keys,trials.key_resp.rt,trials.key_resp.duration,reward_result,selected_image,buffer_trail,high_prob_image,low_prob_image,choice_history,image1_prob,image2_prob,participant,session,date,expName,psychopyVersion,frameRate,expStart,
,,,,,,,,,,,,,,,,0.004782300005899742,0.025106499990215525,0.025106499990215525,4.722961099992972,space,4.684358700003941,None,,,,,,,,,,,,,,,,,,,,,,,,,,,,,,,,,,,,,57 ,001,2024-11-17_10h30.14.885,实验程序1.0,2024.2.4,59.916081542396505,2024-11-17 10h30.26.050416 +0800,
,,,,,,,,,,,,,,,,,,,,,,,4.7366257999965455,4.7366257999965455,space,4.284185099997558,None,,,,,,,,,,,,,,,,,,,,,,,,,,,,,,,,57 ,001,2024-11-17_10h30.14.885,实验程序1.0,2024.2.4,59.916081542396505,2024-11-17 10h30.26.050416 +0800,
9,0,9,,,,9,0,9,0,,,,,33.471869400003925,,,,,,,,,,,,,,33.471869400003925,34.509894399991026,34.010159600002225,13.759935600013705,j,0.4678165000223089,None,35.97978310001781,35.98999060000642,35.98999060000642,37.078661100007594,space,1.0790200000046752,None,,,,,,,,,,,,,,,,,,57 ,001,2024-11-17_10h30.14.885,实验程序1.0,2024.2.4,59.916081542396505,2024-11-17 10h30.26.050416 +0800,
0,0,0,f,1.153307100001257,None,,,,,0,0,0,0,37.13376260001678,,,,,,,,,,,,,,,,,,,,,,,,,,,,37.12195729999803,37.13376260001678,39.043367100006435,37.860075100004906,39.043367100006435,41.52504239999689,f,1.153307100001257,None,0,image1,2,image1,image2,['high'],0.7,0.3,57 ,001,2024-11-17_10h30.14.885,实验程序1.0,2024.2.4,59.916081542396505,2024-11-17 10h30.26.050416 +0800,
0,0,0,j,0.4243438000266906,None,,,,,0,0,0,0,41.575938800000586,,,,,,,,,,,,,,,,,,,,,,,,,,,,41.56697400001576,41.575938800000586,42.96032220000052,42.51003309999942,42.96032220000052,45.56999009998981,j,0.4243438000266906,None,0,image1,1,image1,image2,"['high', 'high']",0.7,0.3,57 ,001,2024-11-17_10h30.14.885,实验程序1.0,2024.2.4,59.916081542396505,2024-11-17 10h30.26.050416 +0800,
1,0,1,j,0.4724698000063654,None,,,,,1,0,1,0,45.620807300001616,,,,,,,,,,,,,,,,,,,,,,,,,,,,45.611544000013964,45.620807300001616,47.39345810000668,46.89334310000413,47.39345810000668,49.33368800001335,j,0.4724698000063654,None,10,image2,0,image1,image2,"['high', 'high', 'low']",0.7,0.3,57 ,001,2024-11-17_10h30.14.885,实验程序1.0,2024.2.4,59.916081542396505,2024-11-17 10h30.26.050416 +0800,
2,0,2,f,0.6040215000102762,None,,,,,2,0,2,0,49.384304200008046,,,,,,,,,,,,,,,,,,,,,,,,,,,,49.37497699999949,49.384304200008046,52.02738069999032,51.39334720000625,52.02738069999032,54.119493800011696,f,0.6040215000102762,None,0,image2,-1,image1,image2,"['high', 'high', 'low', 'low']",0.7,0.3,57 ,001,2024-11-17_10h30.14.885,实验程序1.0,2024.2.4,59.916081542396505,2024-11-17 10h30.26.050416 +0800,
3,0,3,f,0.8959122999804094,None,,,,,3,0,3,0,54.227674099995056,,,,,,,,,,,,,,,,,,,,,,,,,,,,54.21885560001829,54.227674099995056,56.00995100001455,55.09329509999952,56.00995100001455,57.573294000001624,f,0.8959122999804094,None,0,image2,-2,image1,image2,"['high', 'high', 'low', 'low', 'low']",0.7,0.3,57 ,001,2024-11-17_10h30.14.885,实验程序1.0,2024.2.4,59.916081542396505,2024-11-17 10h30.26.050416 +0800,
4,0,4,f,1.409399600001052,None,,,,,4,0,4,0,57.623836799990386,,,,,,,,,,,,,,,,,,,,,,,,,,,,57.6148067000031,57.623836799990386,60.49329050001688,59.060066800011555,60.49329050001688,62.150459199998295,f,1.409399600001052,None,10,image1,-3,image1,image2,"['high', 'high', 'low', 'low', 'low', 'high']",0.7,0.3,57 ,001,2024-11-17_10h30.14.885,实验程序1.0,2024.2.4,59.916081542396505,2024-11-17 10h30.26.050416 +0800,
5,0,5,f,0.4665282999922056,None,,,,,5,0,5,0,62.200735699996585,,,,,,,,,,,,,,,,,,,,,,,,,,,,62.192023800016614,62.200735699996585,64.32688430001144,63.84323699999368,64.32688430001144,66.97837689999142,f,0.4665282999922056,None,10,image1,-4,image1,image2,"['high', 'low', 'low', 'low', 'high', 'high']",0.7,0.3,57 ,001,2024-11-17_10h30.14.885,实验程序1.0,2024.2.4,59.916081542396505,2024-11-17 10h30.26.050416 +0800,
6,0,6,f,0.48605450001196004,None,,,,,6,0,6,0,67.03012159999344,,,,,,,,,,,,,,,,,,,,,,,,,,,,67.02106460000505,67.03012159999344,69.24336399999447,68.72664159999113,69.24336399999447,71.25237060000654,f,0.48605450001196004,None,10,image1,-5,image1,image2,"['low', 'low', 'low', 'high', 'high', 'high']",0.7,0.3,57 ,001,2024-11-17_10h30.14.885,实验程序1.0,2024.2.4,59.916081542396505,2024-11-17 10h30.26.050416 +0800,
7,0,7,j,0.6503018000221346,None,,,,,7,0,7,0,71.36094750001212,,,,,,,,,,,,,,,,,,,,,,,,,,,,71.35240190001787,71.36094750001212,73.49338470000657,72.82660140001099,73.49338470000657,75.8955086999922,j,0.6503018000221346,None,10,image1,-6,image1,image2,"['low', 'low', 'high', 'high', 'high', 'high']",0.7,0.3,57 ,001,2024-11-17_10h30.14.885,实验程序1.0,2024.2.4,59.916081542396505,2024-11-17 10h30.26.050416 +0800,
8,0,8,f,0.6368930999888107,None,,,,,8,0,8,0,75.94629419999546,,,,,,,,,,,,,,,,,,,,,,,,,,,,75.93692410000949,75.94629419999546,78.22658620000584,77.56044249999104,78.22658620000584,79.97069400001783,f,0.6368930999888107,None,10,image1,6,image2,image1,[],0.3,0.7,57 ,001,2024-11-17_10h30.14.885,实验程序1.0,2024.2.4,59.916081542396505,2024-11-17 10h30.26.050416 +0800,
9,0,9,j,0.5577816999866627,None,,,,,9,0,9,0,80.02230869999039,,,,,,,,,,,,,,,,,,,,,,,,,,,,80.01249230001122,80.02230869999039,82.15988910000306,81.57658779999474,82.15988910000306,84.6148380000086,j,0.5577816999866627,None,0,image1,5,image2,image1,['low'],0.3,0.7,57 ,001,2024-11-17_10h30.14.885,实验程序1.0,2024.2.4,59.916081542396505,2024-11-17 10h30.26.050416 +0800,
10,0,10,f,0.40399049999541603,None,,,,,10,0,10,0,84.66502240000409,,,,,,,,,,,,,,,,,,,,,,,,,,,,84.65622140001506,84.66502240000409,86.42686050001066,85.993341399997,86.42686050001066,89.3345740000077,f,0.40399049999541603,None,10,image2,4,image2,image1,"['low', 'high']",0.3,0.7,57 ,001,2024-11-17_10h30.14.885,实验程序1.0,2024.2.4,59.916081542396505,2024-11-17 10h30.26.050416 +0800,
11,0,11,j,1.2022595999878831,None,,,,,11,0,11,0,89.38555050001014,,,,,,,,,,,,,,,,,,,,,,,,,,,,89.37625540001318,89.38555050001014,91.6433767999988,90.41097950001131,91.6433767999988,94.29899770001066,j,1.2022595999878831,None,10,image2,3,image2,image1,"['low', 'high', 'high']",0.3,0.7,57 ,001,2024-11-17_10h30.14.885,实验程序1.0,2024.2.4,59.916081542396505,2024-11-17 10h30.26.050416 +0800,
12,0,12,f,0.8749921999988146,None,,,,,12,0,12,0,94.4163089999929,,,,,,,,,,,,,,,,,,,,,,,,,,,,94.40741200000048,94.4163089999929,95.9113658000133,95.01068289999967,95.9113658000133,98.11822900001425,f,0.8749921999988146,None,10,image2,2,image2,image1,"['low', 'high', 'high', 'high']",0.3,0.7,57 ,001,2024-11-17_10h30.14.885,实验程序1.0,2024.2.4,59.916081542396505,2024-11-17 10h30.26.050416 +0800,
13,0,13,j,0.4493203000165522,None,,,,,13,0,13,0,98.16927050001686,,,,,,,,,,,,,,,,,,,,,,,,,,,,98.1599040000001,98.16927050001686,100.14339149999432,99.67692140000872,100.14339149999432,102.84649090000312,j,0.4493203000165522,None,10,image2,1,image2,image1,"['low', 'high', 'high', 'high', 'high']",0.3,0.7,57 ,001,2024-11-17_10h30.14.885,实验程序1.0,2024.2.4,59.916081542396505,2024-11-17 10h30.26.050416 +0800,
14,0,14,f,0.40246700000716373,None,,,,,14,0,14,0,102.89699030001066,,,,,,,,,,,,,,,,,,,,,,,,,,,,102.88806289999047,102.89699030001066,105.0940266000107,104.67650580001646,105.0940266000107,107.7494510000106,f,0.40246700000716373,None,10,image2,13,image1,image2,[],0.7,0.3,57 ,001,2024-11-17_10h30.14.885,实验程序1.0,2024.2.4,59.916081542396505,2024-11-17 10h30.26.050416 +0800,
15,0,15,j,0.5494193000195082,None,,,,,15,0,15,0,107.79947009999887,,,,,,,,,,,,,,,,,,,,,,,,,,,,107.790756900009,107.79947009999887,109.31007750000572,108.74319720000494,109.31007750000572,111.29018680000445,j,0.5494193000195082,None,10,image2,12,image1,image2,['low'],0.7,0.3,57 ,001,2024-11-17_10h30.14.885,实验程序1.0,2024.2.4,59.916081542396505,2024-11-17 10h30.26.050416 +0800,
16,0,16,f,0.5612885000009555,None,,,,,16,0,16,0,111.39876770001138,,,,,,,,,,,,,,,,,,,,,,,,,,,,111.38998320000246,111.39876770001138,112.84333669999614,112.259925499995,112.84333669999614,115.2843674000178,f,0.5612885000009555,None,10,image2,11,image1,image2,"['low', 'low']",0.7,0.3,57 ,001,2024-11-17_10h30.14.885,实验程序1.0,2024.2.4,59.916081542396505,2024-11-17 10h30.26.050416 +0800,
17,0,17,j,0.35284239999600686,None,,,,,17,0,17,0,115.33568380001816,,,,,,,,,,,,,,,,,,,,,,,,,,,,115.32682159999968,115.33568380001816,117.42651449999539,117.04419210000196,117.42651449999539,119.48355609999271,j,0.35284239999600686,None,0,image2,10,image1,image2,"['low', 'low', 'low']",0.7,0.3,57 ,001,2024-11-17_10h30.14.885,实验程序1.0,2024.2.4,59.916081542396505,2024-11-17 10h30.26.050416 +0800,
18,0,18,f,0.3290885000023991,None,,,,,18,0,18,0,119.5360684999905,,,,,,,,,,,,,,,,,,,,,,,,,,,,119.52759209999931,119.5360684999905,121.00990800000727,120.66020990000106,121.00990800000727,122.6959826000093,f,0.3290885000023991,None,0,image1,9,image1,image2,"['low', 'low', 'low', 'high']",0.7,0.3,57 ,001,2024-11-17_10h30.14.885,实验程序1.0,2024.2.4,59.916081542396505,2024-11-17 10h30.26.050416 +0800,
19,0,19,j,0.41586259999894537,None,,,,,19,0,19,0,122.74600519999512,,,,,,,,,,,,,,,,,,,,,,,,,,,,122.73722810001345,122.74600519999512,124.71019070001785,124.27655919999233,124.71019070001785,126.41099760000361,j,0.41586259999894537,None,10,image1,8,image1,image2,"['low', 'low', 'low', 'high', 'high']",0.7,0.3,57 ,001,2024-11-17_10h30.14.885,实验程序1.0,2024.2.4,59.916081542396505,2024-11-17 10h30.26.050416 +0800,
20,0,20,j,0.42073520002304576,None,,,,,20,0,20,0,126.46141399999033,,,,,,,,,,,,,,,,,,,,,,,,,,,,126.4525729000161,126.46141399999033,128.82657540001674,128.37705499998992,128.82657540001674,131.04940760001773,j,0.42073520002304576,None,0,image1,7,image1,image2,"['low', 'low', 'low', 'high', 'high', 'high']",0.7,0.3,57 ,001,2024-11-17_10h30.14.885,实验程序1.0,2024.2.4,59.916081542396505,2024-11-17 10h30.26.050416 +0800,
21,0,21,f,0.590574400004698,None,,,,,21,0,21,0,131.15793970000232,,,,,,,,,,,,,,,,,,,,,,,,,,,,131.14873179999995,131.15793970000232,133.12656380000408,132.51000380000914,133.12656380000408,135.62912860000506,f,0.590574400004698,None,0,image1,6,image1,image2,"['low', 'low', 'high', 'high', 'high', 'high']",0.7,0.3,57 ,001,2024-11-17_10h30.14.885,实验程序1.0,2024.2.4,59.916081542396505,2024-11-17 10h30.26.050416 +0800,
22,0,22,f,0.5144726999860723,None,,,,,22,0,22,0,135.6795218999905,,,,,,,,,,,,,,,,,,,,,,,,,,,,135.6705542000127,135.6795218999905,137.56015330000082,137.02731850001146,137.56015330000082,139.68316210000194,f,0.5144726999860723,None,0,image2,5,image1,image2,"['low', 'high', 'high', 'high', 'high', 'low']",0.7,0.3,57 ,001,2024-11-17_10h30.14.885,实验程序1.0,2024.2.4,59.916081542396505,2024-11-17 10h30.26.050416 +0800,
23,0,23,j,0.37258370002382435,None,,,,,23,0,23,0,139.73377829999663,,,,,,,,,,,,,,,,,,,,,,,,,,,,139.72506299999077,139.73377829999663,141.99328460000106,141.59345079999184,141.99328460000106,143.91838779998943,j,0.37258370002382435,None,0,image2,4,image1,image2,"['high', 'high', 'high', 'high', 'low', 'low']",0.7,0.3,57 ,001,2024-11-17_10h30.14.885,实验程序1.0,2024.2.4,59.916081542396505,2024-11-17 10h30.26.050416 +0800,
24,0,24,f,0.8026931000058539,None,,,,,24,0,24,0,143.96923489999608,,,,,,,,,,,,,,,,,,,,,,,,,,,,143.95992359999218,143.96923489999608,145.4432519999973,144.61020789999748,145.4432519999973,147.09045119999791,f,0.8026931000058539,None,0,image2,3,image1,image2,"['high', 'high', 'high', 'low', 'low', 'low']",0.7,0.3,57 ,001,2024-11-17_10h30.14.885,实验程序1.0,2024.2.4,59.916081542396505,2024-11-17 10h30.26.050416 +0800,
25,0,25,j,0.35693030001129955,None,,,,,25,0,25,0,147.19995969999582,,,,,,,,,,,,,,,,,,,,,,,,,,,,147.19092980001005,147.19995969999582,148.7433347000042,148.35998110001674,148.7433347000042,151.17517880001105,j,0.35693030001129955,None,0,image1,2,image1,image2,"['high', 'high', 'low', 'low', 'low', 'high']",0.7,0.3,57 ,001,2024-11-17_10h30.14.885,实验程序1.0,2024.2.4,59.916081542396505,2024-11-17 10h30.26.050416 +0800,
26,0,26,f,0.3554619000060484,None,,,,,26,0,26,0,151.22664130001795,,,,,,,,,,,,,,,,,,,,,,,,,,,,151.21741360001033,151.22664130001795,153.5765928000037,153.1933466999908,153.5765928000037,155.83180960000027,f,0.3554619000060484,None,10,image1,1,image1,image2,"['high', 'low', 'low', 'low', 'high', 'high']",0.7,0.3,57 ,001,2024-11-17_10h30.14.885,实验程序1.0,2024.2.4,59.916081542396505,2024-11-17 10h30.26.050416 +0800,
27,0,27,f,0.41526550002163276,None,,,,,27,0,27,0,155.88727300000028,,,,,,,,,,,,,,,,,,,,,,,,,,,,155.8782455000037,155.88727300000028,157.32710039999802,156.89338530000532,157.32710039999802,160.10796200000914,f,0.41526550002163276,None,10,image1,0,image1,image2,"['low', 'low', 'low', 'high', 'high', 'high']",0.7,0.3,57 ,001,2024-11-17_10h30.14.885,实验程序1.0,2024.2.4,59.916081542396505,2024-11-17 10h30.26.050416 +0800,
28,0,28,f,0.7102003000036348,None,,,,,28,0,28,0,160.15869760001078,,,,,,,,,,,,,,,,,,,,,,,,,,,,160.1490044000093,160.15869760001078,161.47684700001264,160.74333940001088,161.47684700001264,163.86230710000382,f,0.7102003000036348,None,0,image1,-1,image1,image2,"['low', 'low', 'high', 'high', 'high', 'high']",0.7,0.3,57 ,001,2024-11-17_10h30.14.885,实验程序1.0,2024.2.4,59.916081542396505,2024-11-17 10h30.26.050416 +0800,
29,0,29,f,0.40282779998960905,None,,,,,29,0,29,0,163.9734080999915,,,,,,,,,,,,,,,,,,,,,,,,,,,,163.96412479999708,163.9734080999915,165.04369650001172,164.60991840000497,,166.9454817000078,f,0.40282779998960905,None,10,image1,2,image2,image1,[],0.3,0.7,57 ,001,2024-11-17_10h30.14.885,实验程序1.0,2024.2.4,59.916081542396505,2024-11-17 10h30.26.050416 +0800,
30,0,30,j,0.42695379999349825,None,,,,,30,0,30,0,166.9966293000034,,,,,,,,,,,,,,,,,,,,,,,,,,,,166.9877528999932,166.9966293000034,168.8607384999923,168.41014520000317,168.8607384999923,170.77605949999997,j,0.42695379999349825,None,10,image1,1,image2,image1,['low'],0.3,0.7,57 ,001,2024-11-17_10h30.14.885,实验程序1.0,2024.2.4,59.916081542396505,2024-11-17 10h30.26.050416 +0800,
31,0,31,j,1.3686805999896023,None,,,,,31,0,31,0,170.82959100001608,,,,,,,,,,,,,,,,,,,,,,,,,,,,170.82015149999643,170.82959100001608,173.0434210000094,171.6435437000182,173.0434210000094,175.44632760001696,j,1.3686805999896023,None,0,image1,0,image2,image1,"['low', 'low']",0.3,0.7,57 ,001,2024-11-17_10h30.14.885,实验程序1.0,2024.2.4,59.916081542396505,2024-11-17 10h30.26.050416 +0800,
32,0,32,j,0.40019159999792464,None,,,,,32,0,32,0,175.4970464000071,,,,,,,,,,,,,,,,,,,,,,,,,,,,175.48833459999878,175.4970464000071,176.69321339999442,176.27653920001467,,178.31976690000738,j,0.40019159999792464,None,0,image1,-1,image2,image1,"['low', 'low', 'low']",0.3,0.7,57 ,001,2024-11-17_10h30.14.885,实验程序1.0,2024.2.4,59.916081542396505,2024-11-17 10h30.26.050416 +0800,
33,0,33,j,0.4065650000120513,None,,,,,33,0,33,0,178.37229520000983,,,,,,,,,,,,,,,,,,,,,,,,,,,,178.36333280001418,178.37229520000983,179.34324479999486,178.9102639000048,,181.14727690001018,j,0.4065650000120513,None,10,image1,-2,image2,image1,"['low', 'low', 'low', 'low']",0.3,0.7,57 ,001,2024-11-17_10h30.14.885,实验程序1.0,2024.2.4,59.916081542396505,2024-11-17 10h30.26.050416 +0800,
34,0,34,f,0.37415279998094775,None,,,,,34,0,34,0,181.2572422999947,,,,,,,,,,,,,,,,,,,,,,,,,,,,181.24875780000002,181.2572422999947,182.37680699999328,181.97661209999933,,184.55648679999285,f,0.37415279998094775,None,0,image1,-3,image2,image1,"['low', 'low', 'low', 'low', 'low']",0.3,0.7,57 ,001,2024-11-17_10h30.14.885,实验程序1.0,2024.2.4,59.916081542396505,2024-11-17 10h30.26.050416 +0800,
35,0,35,f,0.3781930000113789,None,,,,,35,0,35,0,184.6067163000116,,,,,,,,,,,,,,,,,,,,,,,,,,,,184.59764970000833,184.6067163000116,185.62733600000502,185.2265524000104,,187.28019419999328,f,0.3781930000113789,None,10,image1,-4,image2,image1,"['low', 'low', 'low', 'low', 'low', 'low']",0.3,0.7,57 ,001,2024-11-17_10h30.14.885,实验程序1.0,2024.2.4,59.916081542396505,2024-11-17 10h30.26.050416 +0800,
36,0,36,f,0.3705766999919433,None,,,,,36,0,36,0,187.33216119999997,,,,,,,,,,,,,,,,,,,,,,,,,,,,187.32243830000516,187.33216119999997,188.60985760000767,188.20988070001476,188.60985760000767,191.3803761000163,f,0.3705766999919433,None,10,image1,-5,image2,image1,"['low', 'low', 'low', 'low', 'low', 'low']",0.3,0.7,57 ,001,2024-11-17_10h30.14.885,实验程序1.0,2024.2.4,59.916081542396505,2024-11-17 10h30.26.050416 +0800,
37,0,37,f,0.4921781999873929,None,,,,,37,0,37,0,191.43156500000623,,,,,,,,,,,,,,,,,,,,,,,,,,,,191.42253070001607,191.43156500000623,192.69323460001033,192.17681450000964,192.69323460001033,195.42780850001145,f,0.4921781999873929,None,0,image1,-6,image2,image1,"['low', 'low', 'low', 'low', 'low', 'low']",0.3,0.7,57 ,001,2024-11-17_10h30.14.885,实验程序1.0,2024.2.4,59.916081542396505,2024-11-17 10h30.26.050416 +0800,
38,0,38,j,0.3380370000086259,None,,,,,38,0,38,0,195.54073480001534,,,,,,,,,,,,,,,,,,,,,,,,,,,,195.5297636000032,195.54073480001534,197.17722280000453,196.81055379999452,197.17722280000453,199.58751139999367,j,0.3380370000086259,None,10,image1,-7,image2,image1,"['low', 'low', 'low', 'low', 'low', 'low']",0.3,0.7,57 ,001,2024-11-17_10h30.14.885,实验程序1.0,2024.2.4,59.916081542396505,2024-11-17 10h30.26.050416 +0800,
39,0,39,j,0.5684520000068005,None,,,,,39,0,39,0,199.63774350000313,,,,,,,,,,,,,,,,,,,,,,,,,,,,199.62911909999093,199.63774350000313,201.66004180000164,201.0601280000119,201.66004180000164,204.57930810001562,j,0.5684520000068005,None,0,image2,-8,image2,image1,"['low', 'low', 'low', 'low', 'low', 'high']",0.3,0.7,57 ,001,2024-11-17_10h30.14.885,实验程序1.0,2024.2.4,59.916081542396505,2024-11-17 10h30.26.050416 +0800,
40,0,40,f,0.4318730999948457,None,,,,,40,0,40,0,204.63098919999902,,,,,,,,,,,,,,,,,,,,,,,,,,,,204.621387399995,204.63098919999902,206.1599040000001,205.70996900001774,206.1599040000001,208.35461119998945,f,0.4318730999948457,None,10,image1,-9,image2,image1,"['low', 'low', 'low', 'low', 'high', 'low']",0.3,0.7,57 ,001,2024-11-17_10h30.14.885,实验程序1.0,2024.2.4,59.916081542396505,2024-11-17 10h30.26.050416 +0800,
41,0,41,f,0.8013752000115346,None,,,,,41,0,41,0,208.40489639999578,,,,,,,,,,,,,,,,,,,,,,,,,,,,208.39628730001277,208.40489639999578,210.84455820001313,210.02682070000446,210.84455820001313,212.84474719999707,f,0.8013752000115346,None,10,image1,-10,image2,image1,"['low', 'low', 'low', 'high', 'low', 'low']",0.3,0.7,57 ,001,2024-11-17_10h30.14.885,实验程序1.0,2024.2.4,59.916081542396505,2024-11-17 10h30.26.050416 +0800,
42,0,42,None,,,,,,,42,0,42,0,212.89599809999345,,,,,,,,,,,,,,,,,,,,,,,,,,,,212.88590960000874,212.89599809999345,215.09352240001317,213.8601165,215.09352240001317,216.09516379999695,None,,,,,,,,,,,57 ,001,2024-11-17_10h30.14.885,实验程序1.0,2024.2.4,59.916081542396505,2024-11-17 10h30.26.050416 +0800,
43,0,43,f,0.3711514000024181,None,,,,,43,0,43,0,216.20587740000337,,,,,,,,,,,,,,,,,,,,,,,,,,,,216.19575529999565,216.20587740000337,217.17683850001777,216.77744199999142,,219.62135020000278,f,0.3711514000024181,None,10,image1,-11,image2,image1,"['low', 'low', 'high', 'low', 'low', 'low']",0.3,0.7,57 ,001,2024-11-17_10h30.14.885,实验程序1.0,2024.2.4,59.916081542396505,2024-11-17 10h30.26.050416 +0800,
44,0,44,j,0.6772513999894727,None,,,,,44,0,44,0,219.67268240000703,,,,,,,,,,,,,,,,,,,,,,,,,,,,219.66343310000957,219.67268240000703,221.25981059999322,220.56000130000757,221.25981059999322,223.9933946999954,j,0.6772513999894727,None,0,image1,-12,image2,image1,"['low', 'high', 'low', 'low', 'low', 'low']",0.3,0.7,57 ,001,2024-11-17_10h30.14.885,实验程序1.0,2024.2.4,59.916081542396505,2024-11-17 10h30.26.050416 +0800,
45,0,45,j,0.4091906000103336,None,,,,,45,0,45,0,224.04462309999508,,,,,,,,,,,,,,,,,,,,,,,,,,,,224.03589590001502,224.04462309999508,225.8939054000075,225.460138800001,225.8939054000075,228.22053560000495,j,0.4091906000103336,None,0,image1,-13,image2,image1,"['high', 'low', 'low', 'low', 'low', 'low']",0.3,0.7,57 ,001,2024-11-17_10h30.14.885,实验程序1.0,2024.2.4,59.916081542396505,2024-11-17 10h30.26.050416 +0800,
46,0,46,j,0.43188740001642145,None,,,,,46,0,46,0,228.27188270000624,,,,,,,,,,,,,,,,,,,,,,,,,,,,228.26321189998998,228.27188270000624,229.5267456000147,229.07671429999755,229.5267456000147,232.29970709999907,j,0.43188740001642145,None,0,image1,-14,image2,image1,"['low', 'low', 'low', 'low', 'low', 'low']",0.3,0.7,57 ,001,2024-11-17_10h30.14.885,实验程序1.0,2024.2.4,59.916081542396505,2024-11-17 10h30.26.050416 +0800,
47,0,47,f,0.6501675999897998,None,,,,,47,0,47,0,232.4117218000174,,,,,,,,,,,,,,,,,,,,,,,,,,,,232.4028141000017,232.4117218000174,233.6767714000016,233.0100209999946,233.6767714000016,235.49109809999936,f,0.6501675999897998,None,10,image2,-15,image2,image1,"['low', 'low', 'low', 'low', 'low', 'high']",0.3,0.7,57 ,001,2024-11-17_10h30.14.885,实验程序1.0,2024.2.4,59.916081542396505,2024-11-17 10h30.26.050416 +0800,
48,0,48,j,0.34408609999809414,None,,,,,48,0,48,0,235.5425336000044,,,,,,,,,,,,,,,,,,,,,,,,,,,,235.53367679999792,235.5425336000044,237.6438652999932,237.27654069999699,237.6438652999932,239.1941422999953,j,0.34408609999809414,None,0,image2,-16,image2,image1,"['low', 'low', 'low', 'low', 'high', 'high']",0.3,0.7,57 ,001,2024-11-17_10h30.14.885,实验程序1.0,2024.2.4,59.916081542396505,2024-11-17 10h30.26.050416 +0800,
49,0,49,j,0.44077429999015294,None,,,,,49,0,49,0,239.24473890001536,,,,,,,,,,,,,,,,,,,,,,,,,,,,239.2357985000126,239.24473890001536,241.72676089999732,241.25983819999965,241.72676089999732,243.20046540000476,j,0.44077429999015294,None,0,image2,-17,image2,image1,"['low', 'low', 'low', 'high', 'high', 'high']",0.3,0.7,57 ,001,2024-11-17_10h30.14.885,实验程序1.0,2024.2.4,59.916081542396505,2024-11-17 10h30.26.050416 +0800,
50,0,50,j,0.4701869999989867,None,,,,,50,0,50,0,243.25171240000054,,,,,,,,,,,,,,,,,,,,,,,,,,,,243.24299279999104,243.25171240000054,245.6105283999932,245.1100803000154,245.6105283999932,248.4738398999907,j,0.4701869999989867,None,10,image2,-18,image2,image1,"['low', 'low', 'high', 'high', 'high', 'high']",0.3,0.7,57 ,001,2024-11-17_10h30.14.885,实验程序1.0,2024.2.4,59.916081542396505,2024-11-17 10h30.26.050416 +0800,
51,0,51,f,0.4974475000053644,None,,,,,51,0,51,0,248.52408780000405,,,,,,,,,,,,,,,,,,,,,,,,,,,,248.5152994999953,248.52408780000405,250.3766270999913,249.86053030000767,250.3766270999913,253.21263880000333,f,0.4974475000053644,None,10,image2,12,image1,image2,[],0.7,0.3,57 ,001,2024-11-17_10h30.14.885,实验程序1.0,2024.2.4,59.916081542396505,2024-11-17 10h30.26.050416 +0800,
52,0,52,j,0.4112166999839246,None,,,,,52,0,52,0,253.32388040001388,,,,,,,,,,,,,,,,,,,,,,,,,,,,253.3149345999991,253.32388040001388,254.82657740000286,254.393255700008,254.82657740000286,256.62963760001,j,0.4112166999839246,None,0,image2,11,image1,image2,['low'],0.7,0.3,57 ,001,2024-11-17_10h30.14.885,实验程序1.0,2024.2.4,59.916081542396505,2024-11-17 10h30.26.050416 +0800,
53,0,53,j,0.4415088999958243,None,,,,,53,0,53,0,256.68130650001694,,,,,,,,,,,,,,,,,,,,,,,,,,,,256.67187069999636,256.68130650001694,259.09391210001195,258.6266847999941,259.09391210001195,260.891051899991,j,0.4415088999958243,None,0,image2,10,image1,image2,"['low', 'low']",0.7,0.3,57 ,001,2024-11-17_10h30.14.885,实验程序1.0,2024.2.4,59.916081542396505,2024-11-17 10h30.26.050416 +0800,
54,0,54,j,0.5663639999984298,None,,,,,54,0,54,0,260.9419284000178,,,,,,,,,,,,,,,,,,,,,,,,,,,,260.93304249999346,260.9419284000178,262.093280400004,261.51006249999045,,264.0023840999929,j,0.5663639999984298,None,10,image2,9,image1,image2,"['low', 'low', 'low']",0.7,0.3,57 ,001,2024-11-17_10h30.14.885,实验程序1.0,2024.2.4,59.916081542396505,2024-11-17 10h30.26.050416 +0800,
55,0,55,j,0.44878950002021156,None,,,,,55,0,55,0,264.0528060999932,,,,,,,,,,,,,,,,,,,,,,,,,,,,264.0441420999996,264.0528060999932,265.1101040999929,264.6433606999926,,266.618171900016,j,0.44878950002021156,None,0,image2,8,image1,image2,"['low', 'low', 'low', 'low']",0.7,0.3,57 ,001,2024-11-17_10h30.14.885,实验程序1.0,2024.2.4,59.916081542396505,2024-11-17 10h30.26.050416 +0800,
56,0,56,j,0.2834035000123549,None,,,,,56,0,56,0,266.730155199999,,,,,,,,,,,,,,,,,,,,,,,,,,,,266.72131019999506,266.730155199999,268.4765550000011,268.17679950001184,268.4765550000011,270.92076080001425,j,0.2834035000123549,None,10,image1,7,image1,image2,"['low', 'low', 'low', 'low', 'high']",0.7,0.3,57 ,001,2024-11-17_10h30.14.885,实验程序1.0,2024.2.4,59.916081542396505,2024-11-17 10h30.26.050416 +0800,
57,0,57,f,0.5435822999861557,None,,,,,57,0,57,0,270.9713597999944,,,,,,,,,,,,,,,,,,,,,,,,,,,,270.9623693000176,270.9713597999944,272.226828200015,271.6609986000112,272.226828200015,274.39812970001367,f,0.5435822999861557,None,10,image1,6,image1,image2,"['low', 'low', 'low', 'low', 'high', 'high']",0.7,0.3,57 ,001,2024-11-17_10h30.14.885,实验程序1.0,2024.2.4,59.916081542396505,2024-11-17 10h30.26.050416 +0800,
58,0,58,j,0.39569889998529106,None,,,,,58,0,58,0,274.4491023000155,,,,,,,,,,,,,,,,,,,,,,,,,,,,274.44022580000455,274.4491023000155,276.01136000000406,275.59330120001687,276.01136000000406,278.6669094999961,j,0.39569889998529106,None,10,image1,5,image1,image2,"['low', 'low', 'low', 'high', 'high', 'high']",0.7,0.3,57 ,001,2024-11-17_10h30.14.885,实验程序1.0,2024.2.4,59.916081542396505,2024-11-17 10h30.26.050416 +0800,
59,0,59,j,0.4322561000008136,None,,,,,59,0,59,0,278.72142119999626,,,,,,,,,,,,,,,,,,,,,,,,,,,,278.7124955999898,278.72142119999626,280.89346439999645,280.4438674999983,280.89346439999645,282.79271509998944,j,0.4322561000008136,None,10,image1,4,image1,image2,"['low', 'low', 'high', 'high', 'high', 'high']",0.7,0.3,57 ,001,2024-11-17_10h30.14.885,实验程序1.0,2024.2.4,59.916081542396505,2024-11-17 10h30.26.050416 +0800,
60,0,60,f,0.4010658000188414,None,,,,,60,0,60,0,282.84347670001443,,,,,,,,,,,,,,,,,,,,,,,,,,,,282.8347328999953,282.84347670001443,285.09340010001324,284.6600318000128,285.09340010001324,287.0340583999932,f,0.4010658000188414,None,10,image1,3,image1,image2,"['low', 'high', 'high', 'high', 'high', 'high']",0.7,0.3,57 ,001,2024-11-17_10h30.14.885,实验程序1.0,2024.2.4,59.916081542396505,2024-11-17 10h30.26.050416 +0800,
61,0,61,j,0.44377220000023954,None,,,,,61,0,61,0,287.14457770000445,,,,,,,,,,,,,,,,,,,,,,,,,,,,287.1353422999964,287.14457770000445,288.443479700014,287.9764974999998,288.443479700014,290.2239108000067,j,0.44377220000023954,None,10,image1,2,image1,image2,"['high', 'high', 'high', 'high', 'high', 'high']",0.7,0.3,57 ,001,2024-11-17_10h30.14.885,实验程序1.0,2024.2.4,59.916081542396505,2024-11-17 10h30.26.050416 +0800,
62,0,62,f,0.4071890000195708,None,,,,,62,0,62,0,290.2750770999992,,,,,,,,,,,,,,,,,,,,,,,,,,,,290.2661148000043,290.2750770999992,291.75989360001404,291.3265911999915,291.75989360001404,294.3681065000128,f,0.4071890000195708,None,10,image1,1,image1,image2,"['high', 'high', 'high', 'high', 'high', 'high']",0.7,0.3,57 ,001,2024-11-17_10h30.14.885,实验程序1.0,2024.2.4,59.916081542396505,2024-11-17 10h30.26.050416 +0800,
63,0,63,f,0.4497718999919016,None,,,,,63,0,63,0,294.4200506999914,,,,,,,,,,,,,,,,,,,,,,,,,,,,294.41039110001293,294.4200506999914,296.8932235999964,296.4266933000181,296.8932235999964,298.9119595999946,f,0.4497718999919016,None,0,image1,9,image2,image1,['low'],0.3,0.7,57 ,001,2024-11-17_10h30.14.885,实验程序1.0,2024.2.4,59.916081542396505,2024-11-17 10h30.26.050416 +0800,
64,0,64,f,0.5572622999898158,None,,,,,64,0,64,0,298.9624379000161,,,,,,,,,,,,,,,,,,,,,,,,,,,,298.9539419999928,298.9624379000161,300.1599966000067,299.5766854000103,,301.6912358000118,f,0.5572622999898158,None,10,image2,8,image2,image1,"['low', 'high']",0.3,0.7,57 ,001,2024-11-17_10h30.14.885,实验程序1.0,2024.2.4,59.916081542396505,2024-11-17 10h30.26.050416 +0800,
65,0,65,j,0.4353172999981325,None,,,,,65,0,65,0,301.80437510000775,,,,,,,,,,,,,,,,,,,,,,,,,,,,301.7954902999918,301.80437510000775,304.04340120000415,303.57668640001793,304.04340120000415,305.58659270001226,j,0.4353172999981325,None,0,image2,7,image2,image1,"['low', 'high', 'high']",0.3,0.7,57 ,001,2024-11-17_10h30.14.885,实验程序1.0,2024.2.4,59.916081542396505,2024-11-17 10h30.26.050416 +0800,
66,0,66,j,0.3877038999926299,None,,,,,66,0,66,0,305.6388358999975,,,,,,,,,,,,,,,,,,,,,,,,,,,,305.6285368000099,305.6388358999975,307.0098587000102,306.59366909999517,307.0098587000102,309.65280420001363,j,0.3877038999926299,None,10,image2,6,image2,image1,"['low', 'high', 'high', 'high']",0.3,0.7,57 ,001,2024-11-17_10h30.14.885,实验程序1.0,2024.2.4,59.916081542396505,2024-11-17 10h30.26.050416 +0800,
67,0,67,j,0.47294909998890944,None,,,,,67,0,67,0,309.7037007000181,,,,,,,,,,,,,,,,,,,,,,,,,,,,309.6942718999926,309.7037007000181,311.1599697000056,310.6601914000057,311.1599697000056,313.27323630001047,j,0.47294909998890944,None,0,image2,5,image2,image1,"['low', 'high', 'high', 'high', 'high']",0.3,0.7,57 ,001,2024-11-17_10h30.14.885,实验程序1.0,2024.2.4,59.916081542396505,2024-11-17 10h30.26.050416 +0800,
68,0,68,j,0.4509376999922097,None,,,,,68,0,68,0,313.32507320001605,,,,,,,,,,,,,,,,,,,,,,,,,,,,313.3153825000045,313.32507320001605,315.07672390001244,314.59391779999714,315.07672390001244,317.38038839999354,j,0.4509376999922097,None,0,image2,4,image2,image1,"['low', 'high', 'high', 'high', 'high', 'high']",0.3,0.7,57 ,001,2024-11-17_10h30.14.885,实验程序1.0,2024.2.4,59.916081542396505,2024-11-17 10h30.26.050416 +0800,
69,0,69,f,0.2940211000095587,None,,,,,69,0,69,0,317.4945799999987,,,,,,,,,,,,,,,,,,,,,,,,,,,,317.48537690000376,317.4945799999987,319.64333350001834,319.32653990000836,319.64333350001834,321.31254879999324,f,0.2940211000095587,None,0,image1,3,image2,image1,"['high', 'high', 'high', 'high', 'high', 'low']",0.3,0.7,57 ,001,2024-11-17_10h30.14.885,实验程序1.0,2024.2.4,59.916081542396505,2024-11-17 10h30.26.050416 +0800,
70,0,70,f,0.38844919999246486,None,,,,,70,0,70,0,321.3641508000146,,,,,,,,,,,,,,,,,,,,,,,,,,,,321.3553143000172,321.3641508000146,322.9932061000145,322.5767812000122,322.9932061000145,325.08416460000444,f,0.38844919999246486,None,0,image1,2,image2,image1,"['high', 'high', 'high', 'high', 'low', 'low']",0.3,0.7,57 ,001,2024-11-17_10h30.14.885,实验程序1.0,2024.2.4,59.916081542396505,2024-11-17 10h30.26.050416 +0800,
71,0,71,f,0.30713549998472445,None,,,,,71,0,71,0,325.13484569999855,,,,,,,,,,,,,,,,,,,,,,,,,,,,325.1260840000177,325.13484569999855,327.326782499993,326.99334929999895,327.326782499993,330.0003752000048,f,0.30713549998472445,None,0,image1,1,image2,image1,"['high', 'high', 'high', 'low', 'low', 'low']",0.3,0.7,57 ,001,2024-11-17_10h30.14.885,实验程序1.0,2024.2.4,59.916081542396505,2024-11-17 10h30.26.050416 +0800,
72,0,72,j,0.4502356000011787,None,,,,,72,0,72,0,330.0519464999961,,,,,,,,,,,,,,,,,,,,,,,,,,,,330.0433151999896,330.0519464999961,331.69325630000094,331.2265255000093,331.69325630000094,333.72080159999314,j,0.4502356000011787,None,0,image1,0,image2,image1,"['high', 'high', 'low', 'low', 'low', 'low']",0.3,0.7,57 ,001,2024-11-17_10h30.14.885,实验程序1.0,2024.2.4,59.916081542396505,2024-11-17 10h30.26.050416 +0800,
73,0,73,f,0.33686449998640455,None,,,,,73,0,73,0,333.7715145999973,,,,,,,,,,,,,,,,,,,,,,,,,,,,333.7627725999919,333.7715145999973,335.9932950999937,335.62724639999215,335.9932950999937,337.7433064999932,f,0.33686449998640455,None,10,image2,-1,image2,image1,"['high', 'low', 'low', 'low', 'low', 'high']",0.3,0.7,57 ,001,2024-11-17_10h30.14.885,实验程序1.0,2024.2.4,59.916081542396505,2024-11-17 10h30.26.050416 +0800,
74,0,74,j,0.3687320000026375,None,,,,,74,0,74,0,337.8580276000139,,,,,,,,,,,,,,,,,,,,,,,,,,,,337.84913990000496,337.8580276000139,339.8768338999944,339.47680870001204,339.8768338999944,342.78086769999936,j,0.3687320000026375,None,10,image2,-2,image2,image1,"['low', 'low', 'low', 'low', 'high', 'high']",0.3,0.7,57 ,001,2024-11-17_10h30.14.885,实验程序1.0,2024.2.4,59.916081542396505,2024-11-17 10h30.26.050416 +0800,
75,0,75,f,1.0724266000033822,None,,,,,75,0,75,0,342.83279149999726,,,,,,,,,,,,,,,,,,,,,,,,,,,,342.8224610000034,342.83279149999726,344.7769706000108,343.6771812000079,344.7769706000108,347.6373625000124,f,1.0724266000033822,None,0,image2,-3,image2,image1,"['low', 'low', 'low', 'high', 'high', 'high']",0.3,0.7,57 ,001,2024-11-17_10h30.14.885,实验程序1.0,2024.2.4,59.916081542396505,2024-11-17 10h30.26.050416 +0800,
76,0,76,j,0.36531699998886324,None,,,,,76,0,76,0,347.6880436000065,,,,,,,,,,,,,,,,,,,,,,,,,,,,347.67932620001375,347.6880436000065,348.9284309000068,348.5432127999957,,351.2082009000005,j,0.36531699998886324,None,0,image2,-4,image2,image1,"['low', 'low', 'high', 'high', 'high', 'high']",0.3,0.7,57 ,001,2024-11-17_10h30.14.885,实验程序1.0,2024.2.4,59.916081542396505,2024-11-17 10h30.26.050416 +0800,
77,0,77,j,0.3570168000005651,None,,,,,77,0,77,0,351.2585958999989,,,,,,,,,,,,,,,,,,,,,,,,,,,,351.24949330001255,351.2585958999989,352.74347169999965,352.360170800006,352.74347169999965,354.8772884999926,j,0.3570168000005651,None,10,image2,11,image1,image2,[],0.7,0.3,57 ,001,2024-11-17_10h30.14.885,实验程序1.0,2024.2.4,59.916081542396505,2024-11-17 10h30.26.050416 +0800,
78,0,78,f,0.341827900003409,None,,,,,78,0,78,0,354.9927668000164,,,,,,,,,,,,,,,,,,,,,,,,,,,,354.98382459999993,354.9927668000164,357.27644250000594,356.9104633000097,357.27644250000594,360.0596186000039,f,0.341827900003409,None,10,image2,10,image1,image2,['low'],0.7,0.3,57 ,001,2024-11-17_10h30.14.885,实验程序1.0,2024.2.4,59.916081542396505,2024-11-17 10h30.26.050416 +0800,
79,0,79,f,0.5178438999864738,None,,,,,79,0,79,0,360.1115378999966,,,,,,,,,,,,,,,,,,,,,,,,,,,,360.1024147999997,360.1115378999966,361.4433248999994,360.89464549999684,361.4433248999994,363.20191020000493,f,0.5178438999864738,None,0,image2,9,image1,image2,"['low', 'low']",0.7,0.3,57 ,001,2024-11-17_10h30.14.885,实验程序1.0,2024.2.4,59.916081542396505,2024-11-17 10h30.26.050416 +0800,
80,0,80,f,0.43953289999626577,None,,,,,80,0,80,0,363.25263890001224,,,,,,,,,,,,,,,,,,,,,,,,,,,,363.2439261999971,363.25263890001224,365.12648549998994,364.6615044999926,365.12648549998994,367.787891999993,f,0.43953289999626577,None,0,image2,8,image1,image2,"['low', 'low', 'low']",0.7,0.3,57 ,001,2024-11-17_10h30.14.885,实验程序1.0,2024.2.4,59.916081542396505,2024-11-17 10h30.26.050416 +0800,
81,0,81,f,0.34813630001735874,None,,,,,81,0,81,0,367.8395242000115,,,,,,,,,,,,,,,,,,,,,,,,,,,,367.83084589999635,367.8395242000115,370.19318380000186,369.8267174999928,370.19318380000186,371.7766704999958,f,0.34813630001735874,None,10,image1,7,image1,image2,"['low', 'low', 'low', 'high']",0.7,0.3,57 ,001,2024-11-17_10h30.14.885,实验程序1.0,2024.2.4,59.916081542396505,2024-11-17 10h30.26.050416 +0800,
82,0,82,f,0.33986340000410564,None,,,,,82,0,82,0,371.8274145000032,,,,,,,,,,,,,,,,,,,,,,,,,,,,371.8179614999972,371.8274145000032,374.17644450001535,373.8098209000018,374.17644450001535,377.0413087999914,f,0.33986340000410564,None,10,image1,6,image1,image2,"['low', 'low', 'low', 'high', 'high']",0.7,0.3,57 ,001,2024-11-17_10h30.14.885,实验程序1.0,2024.2.4,59.916081542396505,2024-11-17 10h30.26.050416 +0800,
83,0,83,f,0.34817529999418184,None,,,,,83,0,83,0,377.15567710000323,,,,,,,,,,,,,,,,,,,,,,,,,,,,377.1463692999969,377.15567710000323,378.95980650000274,378.593166000006,378.95980650000274,380.45250290000695,f,0.34817529999418184,None,10,image1,5,image1,image2,"['low', 'low', 'low', 'high', 'high', 'high']",0.7,0.3,57 ,001,2024-11-17_10h30.14.885,实验程序1.0,2024.2.4,59.916081542396505,2024-11-17 10h30.26.050416 +0800,
84,0,84,f,0.346472300007008,None,,,,,84,0,84,0,380.5033248999971,,,,,,,,,,,,,,,,,,,,,,,,,,,,380.49413150001783,380.5033248999971,382.1931540000078,381.82691460000933,382.1931540000078,384.40115190000506,f,0.346472300007008,None,10,image1,4,image1,image2,"['low', 'low', 'high', 'high', 'high', 'high']",0.7,0.3,57 ,001,2024-11-17_10h30.14.885,实验程序1.0,2024.2.4,59.916081542396505,2024-11-17 10h30.26.050416 +0800,
85,0,85,f,0.6179647000099067,None,,,,,85,0,85,0,384.4520298000134,,,,,,,,,,,,,,,,,,,,,,,,,,,,384.4427532000118,384.4520298000134,385.6603277999966,385.0100186000054,,387.9428287000046,f,0.6179647000099067,None,0,image1,3,image1,image2,"['low', 'high', 'high', 'high', 'high', 'high']",0.7,0.3,57 ,001,2024-11-17_10h30.14.885,实验程序1.0,2024.2.4,59.916081542396505,2024-11-17 10h30.26.050416 +0800,
86,0,86,j,0.3367193999874871,None,,,,,86,0,86,0,387.9945258999942,,,,,,,,,,,,,,,,,,,,,,,,,,,,387.98530600001686,387.9945258999942,390.011027200002,389.6432352999982,390.011027200002,392.93062630001805,j,0.3367193999874871,None,0,image2,2,image1,image2,"['high', 'high', 'high', 'high', 'high', 'low']",0.7,0.3,57 ,001,2024-11-17_10h30.14.885,实验程序1.0,2024.2.4,59.916081542396505,2024-11-17 10h30.26.050416 +0800,
87,0,87,j,0.33125550000113435,None,,,,,87,0,87,0,393.0467733000114,,,,,,,,,,,,,,,,,,,,,,,,,,,,393.03798709998955,393.0467733000114,395.1931728000054,394.8436476000061,395.1931728000054,397.02658989999327,j,0.33125550000113435,None,0,image2,1,image1,image2,"['high', 'high', 'high', 'high', 'low', 'low']",0.7,0.3,57 ,001,2024-11-17_10h30.14.885,实验程序1.0,2024.2.4,59.916081542396505,2024-11-17 10h30.26.050416 +0800,
88,0,88,j,0.397978900000453,None,,,,,88,0,88,0,397.07791510000243,,,,,,,,,,,,,,,,,,,,,,,,,,,,397.06931580000673,397.07791510000243,399.3933781000087,398.97643430001335,399.3933781000087,401.5571796000004,j,0.397978900000453,None,10,image1,0,image1,image2,"['high', 'high', 'high', 'low', 'low', 'high']",0.7,0.3,57 ,001,2024-11-17_10h30.14.885,实验程序1.0,2024.2.4,59.916081542396505,2024-11-17 10h30.26.050416 +0800,
89,0,89,j,0.3925863000040408,None,,,,,89,0,89,0,401.60987730001216,,,,,,,,,,,,,,,,,,,,,,,,,,,,401.6005710000172,401.60987730001216,403.8931095000007,403.47675249999156,403.8931095000007,406.0890420000069,j,0.3925863000040408,None,0,image1,-1,image1,image2,"['high', 'high', 'low', 'low', 'high', 'high']",0.7,0.3,57 ,001,2024-11-17_10h30.14.885,实验程序1.0,2024.2.4,59.916081542396505,2024-11-17 10h30.26.050416 +0800,
90,0,90,j,0.5857373999897391,None,,,,,90,0,90,0,406.1403472000093,,,,,,,,,,,,,,,,,,,,,,,,,,,,406.13148070001625,406.1403472000093,407.64348900000914,407.0264307000034,407.64348900000914,409.4079395000008,j,0.5857373999897391,None,10,image2,-2,image1,image2,"['high', 'low', 'low', 'high', 'high', 'low']",0.7,0.3,57 ,001,2024-11-17_10h30.14.885,实验程序1.0,2024.2.4,59.916081542396505,2024-11-17 10h30.26.050416 +0800,
91,0,91,f,0.3570565999834798,None,,,,,91,0,91,0,409.4596765000024,,,,,,,,,,,,,,,,,,,,,,,,,,,,409.45056270001805,409.4596765000024,411.3264024000091,410.9433868000051,411.3264024000091,414.0452362000069,f,0.3570565999834798,None,0,image2,-3,image1,image2,"['low', 'low', 'high', 'high', 'low', 'low']",0.7,0.3,57 ,001,2024-11-17_10h30.14.885,实验程序1.0,2024.2.4,59.916081542396505,2024-11-17 10h30.26.050416 +0800,
92,0,92,j,0.35847560002002865,None,,,,,92,0,92,0,414.15826820000075,,,,,,,,,,,,,,,,,,,,,,,,,,,,414.1492183000082,414.15826820000075,415.90974420000566,415.5267246000003,415.90974420000566,418.87859050001134,j,0.35847560002002865,None,10,image1,-4,image1,image2,"['low', 'high', 'high', 'low', 'low', 'high']",0.7,0.3,57 ,001,2024-11-17_10h30.14.885,实验程序1.0,2024.2.4,59.916081542396505,2024-11-17 10h30.26.050416 +0800,
93,0,93,j,0.4332085999776609,None,,,,,93,0,93,0,418.929292100016,,,,,,,,,,,,,,,,,,,,,,,,,,,,418.9202256000135,418.929292100016,420.0764867000107,419.62669319999986,,422.52322910001385,j,0.4332085999776609,None,0,image1,-5,image1,image2,"['high', 'high', 'low', 'low', 'high', 'high']",0.7,0.3,57 ,001,2024-11-17_10h30.14.885,实验程序1.0,2024.2.4,59.916081542396505,2024-11-17 10h30.26.050416 +0800,
94,0,94,j,0.43324939999729395,None,,,,,94,0,94,0,422.57509980001487,,,,,,,,,,,,,,,,,,,,,,,,,,,,422.5655592000112,422.57509980001487,423.8939356000046,423.4432671999966,423.8939356000046,426.2017349000089,j,0.43324939999729395,None,0,image2,-6,image1,image2,"['high', 'low', 'low', 'high', 'high', 'low']",0.7,0.3,57 ,001,2024-11-17_10h30.14.885,实验程序1.0,2024.2.4,59.916081542396505,2024-11-17 10h30.26.050416 +0800,
95,0,95,f,0.5410911999933887,None,,,,,95,0,95,0,426.25273100001505,,,,,,,,,,,,,,,,,,,,,,,,,,,,426.244016200013,426.25273100001505,428.32658520000405,427.7597846999997,428.32658520000405,430.20618199999444,f,0.5410911999933887,None,10,image1,-7,image1,image2,"['low', 'low', 'high', 'high', 'low', 'high']",0.7,0.3,57 ,001,2024-11-17_10h30.14.885,实验程序1.0,2024.2.4,59.916081542396505,2024-11-17 10h30.26.050416 +0800,
96,0,96,f,0.35715080000227317,None,,,,,96,0,96,0,430.3215932000021,,,,,,,,,,,,,,,,,,,,,,,,,,,,430.31161860001157,430.3215932000021,431.9270131000085,431.54330130000017,431.9270131000085,434.08557440000004,f,0.35715080000227317,None,10,image2,-8,image1,image2,"['low', 'high', 'high', 'low', 'high', 'low']",0.7,0.3,57 ,001,2024-11-17_10h30.14.885,实验程序1.0,2024.2.4,59.916081542396505,2024-11-17 10h30.26.050416 +0800,
97,0,97,f,0.4650756999908481,None,,,,,97,0,97,0,434.1359940000111,,,,,,,,,,,,,,,,,,,,,,,,,,,,434.1273683999898,434.1359940000111,435.3102571000054,434.826805299992,,437.0631311000034,f,0.4650756999908481,None,10,image1,-9,image1,image2,"['high', 'high', 'low', 'high', 'low', 'high']",0.7,0.3,57 ,001,2024-11-17_10h30.14.885,实验程序1.0,2024.2.4,59.916081542396505,2024-11-17 10h30.26.050416 +0800,
98,0,98,j,0.3614997999975458,None,,,,,98,0,98,0,437.11447490000864,,,,,,,,,,,,,,,,,,,,,,,,,,,,437.10553610001807,437.11447490000864,439.39316380000673,439.0105530000001,439.39316380000673,441.173510099994,j,0.3614997999975458,None,0,image2,-10,image1,image2,"['high', 'low', 'high', 'low', 'high', 'low']",0.7,0.3,57 ,001,2024-11-17_10h30.14.885,实验程序1.0,2024.2.4,59.916081542396505,2024-11-17 10h30.26.050416 +0800,
99,0,99,j,0.3555268000054639,None,,,,,99,0,99,0,441.22373450000305,,,,,,,,,,,,,,,,,,,,,,,,,,,,441.21493340001325,441.22373450000305,442.9599911000114,442.57677970000077,442.9599911000114,445.0049713999906,j,0.3555268000054639,None,10,image1,-11,image1,image2,"['low', 'high', 'low', 'high', 'low', 'high']",0.7,0.3,57 ,001,2024-11-17_10h30.14.885,实验程序1.0,2024.2.4,59.916081542396505,2024-11-17 10h30.26.050416 +0800,
100,0,100,f,0.4001138999883551,None,,,,,100,0,100,0,445.056132800004,,,,,,,,,,,,,,,,,,,,,,,,,,,,445.0473978999944,445.056132800004,447.2763789000164,446.8598062999954,447.2763789000164,449.6416712999926,f,0.4001138999883551,None,10,image1,-12,image1,image2,"['high', 'low', 'high', 'low', 'high', 'high']",0.7,0.3,57 ,001,2024-11-17_10h30.14.885,实验程序1.0,2024.2.4,59.916081542396505,2024-11-17 10h30.26.050416 +0800,
101,0,101,j,0.3753238000208512,None,,,,,101,0,101,0,449.75655260001076,,,,,,,,,,,,,,,,,,,,,,,,,,,,449.74717230000533,449.75655260001076,451.45987500000047,451.06054860001314,451.45987500000047,453.4633601999958,j,0.3753238000208512,None,10,image1,-13,image1,image2,"['low', 'high', 'low', 'high', 'high', 'high']",0.7,0.3,57 ,001,2024-11-17_10h30.14.885,实验程序1.0,2024.2.4,59.916081542396505,2024-11-17 10h30.26.050416 +0800,
102,0,102,f,0.564687000005506,None,,,,,102,0,102,0,453.5152141000144,,,,,,,,,,,,,,,,,,,,,,,,,,,,453.5060741000052,453.5152141000144,455.7600466000149,455.17642609999166,455.7600466000149,457.6731829000055,f,0.564687000005506,None,10,image1,6,image2,image1,[],0.3,0.7,57 ,001,2024-11-17_10h30.14.885,实验程序1.0,2024.2.4,59.916081542396505,2024-11-17 10h30.26.050416 +0800,
103,0,103,j,0.42849640001077205,None,,,,,103,0,103,0,457.72524880000856,,,,,,,,,,,,,,,,,,,,,,,,,,,,457.7150636000151,457.72524880000856,459.41010390000883,458.9600795000151,459.41010390000883,461.8716446000035,j,0.42849640001077205,None,10,image2,5,image2,image1,['high'],0.3,0.7,57 ,001,2024-11-17_10h30.14.885,实验程序1.0,2024.2.4,59.916081542396505,2024-11-17 10h30.26.050416 +0800,
104,0,104,j,0.47581080000963993,None,,,,,104,0,104,0,461.9238793000113,,,,,,,,,,,,,,,,,,,,,,,,,,,,461.91429499999504,461.9238793000113,464.2435586999927,463.7437864000094,464.2435586999927,467.0446662000031,j,0.47581080000963993,None,10,image2,4,image2,image1,"['high', 'high']",0.3,0.7,57 ,001,2024-11-17_10h30.14.885,实验程序1.0,2024.2.4,59.916081542396505,2024-11-17 10h30.26.050416 +0800,
105,0,105,f,0.5983128999941982,None,,,,,105,0,105,0,467.1605239000055,,,,,,,,,,,,,,,,,,,,,,,,,,,,467.15054110001074,467.1605239000055,468.3271224999917,467.71056510001654,,471.16438679999555,f,0.5983128999941982,None,10,image2,3,image2,image1,"['high', 'high', 'high']",0.3,0.7,57 ,001,2024-11-17_10h30.14.885,实验程序1.0,2024.2.4,59.916081542396505,2024-11-17 10h30.26.050416 +0800,
106,0,106,j,0.4586173000279814,None,,,,,106,0,106,0,471.21470800001407,,,,,,,,,,,,,,,,,,,,,,,,,,,,471.20614779999596,471.21470800001407,472.29376780000166,471.8098097000038,,473.84914920001756,j,0.4586173000279814,None,10,image2,2,image2,image1,"['high', 'high', 'high', 'high']",0.3,0.7,57 ,001,2024-11-17_10h30.14.885,实验程序1.0,2024.2.4,59.916081542396505,2024-11-17 10h30.26.050416 +0800,
107,0,107,f,0.3897043000033591,None,,,,,107,0,107,0,473.89950820000377,,,,,,,,,,,,,,,,,,,,,,,,,,,,473.89071050001075,473.89950820000377,475.3597786000173,474.94307800001116,475.3597786000173,477.3325590000022,f,0.3897043000033591,None,0,image2,1,image2,image1,"['high', 'high', 'high', 'high', 'high']",0.3,0.7,57 ,001,2024-11-17_10h30.14.885,实验程序1.0,2024.2.4,59.916081542396505,2024-11-17 10h30.26.050416 +0800,
108,0,108,j,0.3693805999937467,None,,,,,108,0,108,0,477.3838551999943,,,,,,,,,,,,,,,,,,,,,,,,,,,,477.37454119999893,477.3838551999943,479.02657079999335,478.62673409999115,479.02657079999335,481.1265906000044,j,0.3693805999937467,None,10,image1,5,image1,image2,['high'],0.7,0.3,57 ,001,2024-11-17_10h30.14.885,实验程序1.0,2024.2.4,59.916081542396505,2024-11-17 10h30.26.050416 +0800,
109,0,109,j,0.3600513999990653,None,,,,,109,0,109,0,481.17723930001375,,,,,,,,,,,,,,,,,,,,,,,,,,,,481.16863410000224,481.17723930001375,482.443740000017,482.0601338999986,482.443740000017,483.93130180001026,j,0.3600513999990653,None,10,image1,4,image1,image2,"['high', 'high']",0.7,0.3,57 ,001,2024-11-17_10h30.14.885,实验程序1.0,2024.2.4,59.916081542396505,2024-11-17 10h30.26.050416 +0800,
110,0,110,f,0.36485130002256483,None,,,,,110,0,110,0,484.0461551999906,,,,,,,,,,,,,,,,,,,,,,,,,,,,484.03727590001654,484.0461551999906,485.9933572000009,485.60986490000505,485.9933572000009,488.5284493000072,f,0.36485130002256483,None,0,image1,3,image1,image2,"['high', 'high', 'high']",0.7,0.3,57 ,001,2024-11-17_10h30.14.885,实验程序1.0,2024.2.4,59.916081542396505,2024-11-17 10h30.26.050416 +0800,
111,0,111,j,0.40938689999165945,None,,,,,111,0,111,0,488.5789095000073,,,,,,,,,,,,,,,,,,,,,,,,,,,,488.5700845000101,488.5789095000073,490.84394880000036,490.410277899995,490.84394880000036,493.66464239999186,j,0.40938689999165945,None,10,image1,2,image1,image2,"['high', 'high', 'high', 'high']",0.7,0.3,57 ,001,2024-11-17_10h30.14.885,实验程序1.0,2024.2.4,59.916081542396505,2024-11-17 10h30.26.050416 +0800,
112,0,112,f,0.3548943999921903,None,,,,,112,0,112,0,493.71538700000383,,,,,,,,,,,,,,,,,,,,,,,,,,,,493.7061925000162,493.71538700000383,495.5768614000117,495.193339999998,495.5768614000117,497.42258919999585,f,0.3548943999921903,None,10,image2,1,image1,image2,"['high', 'high', 'high', 'high', 'low']",0.7,0.3,57 ,001,2024-11-17_10h30.14.885,实验程序1.0,2024.2.4,59.916081542396505,2024-11-17 10h30.26.050416 +0800,
113,0,113,j,0.37084479999612086,None,,,,,113,0,113,0,497.4736893000081,,,,,,,,,,,,,,,,,,,,,,,,,,,,497.46475590000045,497.4736893000081,499.7933173000056,499.3933132000093,499.7933173000056,501.5208396000089,j,0.37084479999612086,None,10,image2,0,image1,image2,"['high', 'high', 'high', 'high', 'low', 'low']",0.7,0.3,57 ,001,2024-11-17_10h30.14.885,实验程序1.0,2024.2.4,59.916081542396505,2024-11-17 10h30.26.050416 +0800,
114,0,114,f,0.5211596000008285,None,,,,,114,0,114,0,501.63736719998997,,,,,,,,,,,,,,,,,,,,,,,,,,,,501.6275665000139,501.63736719998997,503.5931169000105,503.0434428000008,503.5931169000105,506.53529840000556,f,0.5211596000008285,None,0,image2,-1,image1,image2,"['high', 'high', 'high', 'low', 'low', 'low']",0.7,0.3,57 ,001,2024-11-17_10h30.14.885,实验程序1.0,2024.2.4,59.916081542396505,2024-11-17 10h30.26.050416 +0800,
115,0,115,f,0.37749059998895973,None,,,,,115,0,115,0,506.58752230001846,,,,,,,,,,,,,,,,,,,,,,,,,,,,506.5777816000045,506.58752230001846,508.6269889000105,508.226416599995,508.6269889000105,511.29763680000906,f,0.37749059998895973,None,0,image1,-2,image1,image2,"['high', 'high', 'low', 'low', 'low', 'high']",0.7,0.3,57 ,001,2024-11-17_10h30.14.885,实验程序1.0,2024.2.4,59.916081542396505,2024-11-17 10h30.26.050416 +0800,
116,0,116,j,0.39755420002620667,None,,,,,116,0,116,0,511.3489351000171,,,,,,,,,,,,,,,,,,,,,,,,,,,,511.3402938999934,511.3489351000171,512.9930384000181,512.5767919000064,512.9930384000181,515.462377000018,j,0.39755420002620667,None,0,image2,-3,image1,image2,"['high', 'low', 'low', 'low', 'high', 'low']",0.7,0.3,57 ,001,2024-11-17_10h30.14.885,实验程序1.0,2024.2.4,59.916081542396505,2024-11-17 10h30.26.050416 +0800,
117,0,117,j,0.34817199999815784,None,,,,,117,0,117,0,515.514651800011,,,,,,,,,,,,,,,,,,,,,,,,,,,,515.5046988000104,515.514651800011,517.5771252000122,517.2100869000133,517.5771252000122,520.405772099999,j,0.34817199999815784,None,0,image1,-4,image1,image2,"['low', 'low', 'low', 'high', 'low', 'high']",0.7,0.3,57 ,001,2024-11-17_10h30.14.885,实验程序1.0,2024.2.4,59.916081542396505,2024-11-17 10h30.26.050416 +0800,
118,0,118,j,0.35765059999539517,None,,,,,118,0,118,0,520.4571799999976,,,,,,,,,,,,,,,,,,,,,,,,,,,,520.4480632999912,520.4571799999976,522.3104388999927,521.9263619999983,522.3104388999927,524.6733872999903,j,0.35765059999539517,None,0,image1,-5,image1,image2,"['low', 'low', 'high', 'low', 'high', 'high']",0.7,0.3,57 ,001,2024-11-17_10h30.14.885,实验程序1.0,2024.2.4,59.916081542396505,2024-11-17 10h30.26.050416 +0800,
119,0,119,f,0.34472039999673143,None,,,,,119,0,119,0,524.8047565000015,,,,,,,,,,,,,,,,,,,,,,,,,,,,524.7932609000127,524.8047565000015,526.6105125000176,526.2433187999995,526.6105125000176,529.0200020000048,f,0.34472039999673143,None,0,image2,-6,image1,image2,"['low', 'high', 'low', 'high', 'high', 'low']",0.7,0.3,57 ,001,2024-11-17_10h30.14.885,实验程序1.0,2024.2.4,59.916081542396505,2024-11-17 10h30.26.050416 +0800,
120,0,120,f,0.3410709999734536,None,,,,,120,0,120,0,529.0709338000161,,,,,,,,,,,,,,,,,,,,,,,,,,,,529.0617710000079,529.0709338000161,531.0935673000058,530.726868800004,531.0935673000058,532.6025689000089,f,0.3410709999734536,None,0,image2,-7,image1,image2,"['high', 'low', 'high', 'high', 'low', 'low']",0.7,0.3,57 ,001,2024-11-17_10h30.14.885,实验程序1.0,2024.2.4,59.916081542396505,2024-11-17 10h30.26.050416 +0800,
121,0,121,f,0.4083256000012625,None,,,,,121,0,121,0,532.6529883999901,,,,,,,,,,,,,,,,,,,,,,,,,,,,532.6442232000118,532.6529883999901,534.1106657999917,533.6768492000119,534.1106657999917,536.565852700005,f,0.4083256000012625,None,10,image1,-8,image1,image2,"['low', 'high', 'high', 'low', 'low', 'high']",0.7,0.3,57 ,001,2024-11-17_10h30.14.885,实验程序1.0,2024.2.4,59.916081542396505,2024-11-17 10h30.26.050416 +0800,
122,0,122,j,0.33145699999295175,None,,,,,122,0,122,0,536.6169718000165,,,,,,,,,,,,,,,,,,,,,,,,,,,,536.6078791000182,536.6169718000165,537.9264444000146,537.5767489999998,537.9264444000146,539.4787571000052,j,0.33145699999295175,None,10,image1,-9,image1,image2,"['high', 'high', 'low', 'low', 'high', 'high']",0.7,0.3,57 ,001,2024-11-17_10h30.14.885,实验程序1.0,2024.2.4,59.916081542396505,2024-11-17 10h30.26.050416 +0800,
123,0,123,j,0.3099406999826897,None,,,,,123,0,123,0,539.5972566000128,,,,,,,,,,,,,,,,,,,,,,,,,,,,539.5884130999912,539.5972566000128,541.6596310000168,541.3272935000132,541.6596310000168,544.1285634000087,j,0.3099406999826897,None,10,image1,-10,image1,image2,"['high', 'low', 'low', 'high', 'high', 'high']",0.7,0.3,57 ,001,2024-11-17_10h30.14.885,实验程序1.0,2024.2.4,59.916081542396505,2024-11-17 10h30.26.050416 +0800,
124,0,124,j,0.6066574999713339,None,,,,,124,0,124,0,544.1794657999999,,,,,,,,,,,,,,,,,,,,,,,,,,,,544.170397400012,544.1794657999999,546.7266840999946,546.0933922000113,546.7266840999946,549.6644958000106,j,0.6066574999713339,None,0,image1,-11,image1,image2,"['low', 'low', 'high', 'high', 'high', 'high']",0.7,0.3,57 ,001,2024-11-17_10h30.14.885,实验程序1.0,2024.2.4,59.916081542396505,2024-11-17 10h30.26.050416 +0800,
125,0,125,f,0.990718500019284,None,,,,,125,0,125,0,549.7152047000127,,,,,,,,,,,,,,,,,,,,,,,,,,,,549.7063621999987,549.7152047000127,551.9097912000143,550.8932112000184,551.9097912000143,554.5126206999994,f,0.990718500019284,None,0,image2,-12,image1,image2,"['low', 'high', 'high', 'high', 'high', 'low']",0.7,0.3,57 ,001,2024-11-17_10h30.14.885,实验程序1.0,2024.2.4,59.916081542396505,2024-11-17 10h30.26.050416 +0800,
126,0,126,j,0.6708746000076644,None,,,,,126,0,126,0,554.5651006000116,,,,,,,,,,,,,,,,,,,,,,,,,,,,554.5563275000022,554.5651006000116,556.0097943000146,555.3099693999975,556.0097943000146,558.7511800999928,j,0.6708746000076644,None,0,image2,-13,image1,image2,"['high', 'high', 'high', 'high', 'low', 'low']",0.7,0.3,57 ,001,2024-11-17_10h30.14.885,实验程序1.0,2024.2.4,59.916081542396505,2024-11-17 10h30.26.050416 +0800,
127,0,127,f,0.41502050001872703,None,,,,,127,0,127,0,558.8060338000068,,,,,,,,,,,,,,,,,,,,,,,,,,,,558.7927248000051,558.8060338000068,560.543410400016,560.1100765000156,560.543410400016,562.9602127000107,f,0.41502050001872703,None,10,image1,-14,image1,image2,"['high', 'high', 'high', 'low', 'low', 'high']",0.7,0.3,57 ,001,2024-11-17_10h30.14.885,实验程序1.0,2024.2.4,59.916081542396505,2024-11-17 10h30.26.050416 +0800,
128,0,128,j,0.33190509999985807,None,,,,,128,0,128,0,563.079213399993,,,,,,,,,,,,,,,,,,,,,,,,,,,,563.0684139000077,563.079213399993,564.5431226000073,564.1941220000153,564.5431226000073,566.9524713999999,j,0.33190509999985807,None,10,image1,-15,image1,image2,"['high', 'high', 'low', 'low', 'high', 'high']",0.7,0.3,57 ,001,2024-11-17_10h30.14.885,实验程序1.0,2024.2.4,59.916081542396505,2024-11-17 10h30.26.050416 +0800,
129,0,129,j,0.4192765999760013,None,,,,,129,0,129,0,567.0028611000162,,,,,,,,,,,,,,,,,,,,,,,,,,,,566.9939566999965,567.0028611000162,568.0270619000075,567.593208700011,,569.7779928999953,j,0.4192765999760013,None,0,image1,-16,image1,image2,"['high', 'low', 'low', 'high', 'high', 'high']",0.7,0.3,57 ,001,2024-11-17_10h30.14.885,实验程序1.0,2024.2.4,59.916081542396505,2024-11-17 10h30.26.050416 +0800,
130,0,130,j,0.27644580000196584,None,,,,,130,0,130,0,569.8287329000013,,,,,,,,,,,,,,,,,,,,,,,,,,,,569.8198787000147,569.8287329000013,571.0603886000172,570.7599154000054,,573.0950080000039,j,0.27644580000196584,None,10,image1,-17,image1,image2,"['low', 'low', 'high', 'high', 'high', 'high']",0.7,0.3,57 ,001,2024-11-17_10h30.14.885,实验程序1.0,2024.2.4,59.916081542396505,2024-11-17 10h30.26.050416 +0800,
131,0,131,j,0.33144399998127483,None,,,,,131,0,131,0,573.1453806000063,,,,,,,,,,,,,,,,,,,,,,,,,,,,573.1366433000076,573.1453806000063,574.9432320999913,574.5936221000156,574.9432320999913,577.7144344999979,j,0.33144399998127483,None,0,image1,10,image2,image1,[],0.3,0.7,57 ,001,2024-11-17_10h30.14.885,实验程序1.0,2024.2.4,59.916081542396505,2024-11-17 10h30.26.050416 +0800,
132,0,132,f,0.3398378000129014,None,,,,,132,0,132,0,577.8318800000125,,,,,,,,,,,,,,,,,,,,,,,,,,,,577.8227847999951,577.8318800000125,579.9767437000119,579.6096693,579.9767437000119,582.7160342000134,f,0.3398378000129014,None,0,image1,9,image2,image1,['low'],0.3,0.7,57 ,001,2024-11-17_10h30.14.885,实验程序1.0,2024.2.4,59.916081542396505,2024-11-17 10h30.26.050416 +0800,
133,0,133,j,0.519981799996458,None,,,,,133,0,133,0,582.7680472999928,,,,,,,,,,,,,,,,,,,,,,,,,,,,582.7582477999968,582.7680472999928,584.6097972000134,584.0597713000025,584.6097972000134,586.172372400004,j,0.519981799996458,None,0,image1,8,image2,image1,"['low', 'low']",0.3,0.7,57 ,001,2024-11-17_10h30.14.885,实验程序1.0,2024.2.4,59.916081542396505,2024-11-17 10h30.26.050416 +0800,
134,0,134,j,0.29027569998288527,None,,,,,134,0,134,0,586.2265729999926,,,,,,,,,,,,,,,,,,,,,,,,,,,,586.2168349999993,586.2265729999926,588.1432772999979,587.8269644000102,588.1432772999979,591.022394700005,j,0.29027569998288527,None,0,image1,7,image2,image1,"['low', 'low', 'low']",0.3,0.7,57 ,001,2024-11-17_10h30.14.885,实验程序1.0,2024.2.4,59.916081542396505,2024-11-17 10h30.26.050416 +0800,
135,0,135,f,1.168979300011415,None,,,,,135,0,135,0,591.0733355999982,,,,,,,,,,,,,,,,,,,,,,,,,,,,591.0645061999967,591.0733355999982,592.843134099996,591.6432847999968,592.843134099996,594.6683279999997,f,1.168979300011415,None,0,image1,6,image2,image1,"['low', 'low', 'low', 'low']",0.3,0.7,57 ,001,2024-11-17_10h30.14.885,实验程序1.0,2024.2.4,59.916081542396505,2024-11-17 10h30.26.050416 +0800,
136,0,136,f,0.49984169998788275,None,,,,,136,0,136,0,594.7187459999986,,,,,,,,,,,,,,,,,,,,,,,,,,,,594.7098457000102,594.7187459999986,595.8615296999924,595.343946500012,,598.3899010000168,f,0.49984169998788275,None,0,image1,5,image2,image1,"['low', 'low', 'low', 'low', 'low']",0.3,0.7,57 ,001,2024-11-17_10h30.14.885,实验程序1.0,2024.2.4,59.916081542396505,2024-11-17 10h30.26.050416 +0800,
137,0,137,j,0.3364036999992095,None,,,,,137,0,137,0,598.5072450000152,,,,,,,,,,,,,,,,,,,,,,,,,,,,598.4981704000093,598.5072450000152,600.4099620000052,600.043454300001,600.4099620000052,602.6602360999968,j,0.3364036999992095,None,0,image2,4,image2,image1,"['low', 'low', 'low', 'low', 'low', 'high']",0.3,0.7,57 ,001,2024-11-17_10h30.14.885,实验程序1.0,2024.2.4,59.916081542396505,2024-11-17 10h30.26.050416 +0800,
138,0,138,j,0.32657660002587363,None,,,,,138,0,138,0,602.711792200018,,,,,,,,,,,,,,,,,,,,,,,,,,,,602.7030214999977,602.711792200018,603.6433037999959,603.2932264000119,,606.2706779,j,0.32657660002587363,None,10,image2,3,image2,image1,"['low', 'low', 'low', 'low', 'high', 'high']",0.3,0.7,57 ,001,2024-11-17_10h30.14.885,实验程序1.0,2024.2.4,59.916081542396505,2024-11-17 10h30.26.050416 +0800,
139,0,139,f,0.33389869998791255,None,,,,,139,0,139,0,606.3216585000046,,,,,,,,,,,,,,,,,,,,,,,,,,,,606.3121186000062,606.3216585000046,608.6436110000068,608.2938671000011,608.6436110000068,610.4176598000049,f,0.33389869998791255,None,10,image2,2,image2,image1,"['low', 'low', 'low', 'high', 'high', 'high']",0.3,0.7,57 ,001,2024-11-17_10h30.14.885,实验程序1.0,2024.2.4,59.916081542396505,2024-11-17 10h30.26.050416 +0800,
140,0,140,f,0.39497220001067035,None,,,,,140,0,140,0,610.4683446999989,,,,,,,,,,,,,,,,,,,,,,,,,,,,610.4591687000066,610.4683446999989,612.8267693000089,612.4097667000024,612.8267693000089,615.755676300003,f,0.39497220001067035,None,10,image2,1,image2,image1,"['low', 'low', 'high', 'high', 'high', 'high']",0.3,0.7,57 ,001,2024-11-17_10h30.14.885,实验程序1.0,2024.2.4,59.916081542396505,2024-11-17 10h30.26.050416 +0800,
141,0,141,j,0.34839739999733865,None,,,,,141,0,141,0,615.8882479000022,,,,,,,,,,,,,,,,,,,,,,,,,,,,615.879400100006,615.8882479000022,617.3262934999948,616.9599089999974,617.3262934999948,619.9396738999931,j,0.34839739999733865,None,10,image2,7,image1,image2,[],0.7,0.3,57 ,001,2024-11-17_10h30.14.885,实验程序1.0,2024.2.4,59.916081542396505,2024-11-17 10h30.26.050416 +0800,
142,0,142,f,0.3555705999897327,None,,,,,142,0,142,0,619.9911714000045,,,,,,,,,,,,,,,,,,,,,,,,,,,,619.9824238000147,619.9911714000045,621.7597578999994,621.3764171999937,621.7597578999994,623.7913762000098,f,0.3555705999897327,None,10,image2,6,image1,image2,['low'],0.7,0.3,57 ,001,2024-11-17_10h30.14.885,实验程序1.0,2024.2.4,59.916081542396505,2024-11-17 10h30.26.050416 +0800,
143,0,143,j,0.35244190000230446,None,,,,,143,0,143,0,623.842183700006,,,,,,,,,,,,,,,,,,,,,,,,,,,,623.8332139000122,623.842183700006,625.659756100009,625.2763197000022,625.659756100009,627.672999900009,j,0.35244190000230446,None,0,image2,5,image1,image2,"['low', 'low']",0.7,0.3,57 ,001,2024-11-17_10h30.14.885,实验程序1.0,2024.2.4,59.916081542396505,2024-11-17 10h30.26.050416 +0800,
144,0,144,j,0.4605949000106193,None,,,,,144,0,144,0,627.7242866000161,,,,,,,,,,,,,,,,,,,,,,,,,,,,627.7150149999943,627.7242866000161,629.8266160000057,629.3433878000069,629.8266160000057,631.3249675999978,j,0.4605949000106193,None,0,image2,4,image1,image2,"['low', 'low', 'low']",0.7,0.3,57 ,001,2024-11-17_10h30.14.885,实验程序1.0,2024.2.4,59.916081542396505,2024-11-17 10h30.26.050416 +0800,
145,0,145,j,0.27464590000454336,None,,,,,145,0,145,0,631.3765692000161,,,,,,,,,,,,,,,,,,,,,,,,,,,,631.367198699998,631.3765692000161,633.677188200003,633.3776872000017,633.677188200003,635.9285552999936,j,0.27464590000454336,None,10,image1,3,image1,image2,"['low', 'low', 'low', 'high']",0.7,0.3,57 ,001,2024-11-17_10h30.14.885,实验程序1.0,2024.2.4,59.916081542396505,2024-11-17 10h30.26.050416 +0800,
146,0,146,j,0.3446207999950275,None,,,,,146,0,146,0,636.0459488999913,,,,,,,,,,,,,,,,,,,,,,,,,,,,636.0371595000033,636.0459488999913,637.6267873000179,637.2600490000041,637.6267873000179,640.2671096000122,j,0.3446207999950275,None,10,image1,2,image1,image2,"['low', 'low', 'low', 'high', 'high']",0.7,0.3,57 ,001,2024-11-17_10h30.14.885,实验程序1.0,2024.2.4,59.916081542396505,2024-11-17 10h30.26.050416 +0800,
147,0,147,j,0.30631510002422146,None,,,,,147,0,147,0,640.3184187000152,,,,,,,,,,,,,,,,,,,,,,,,,,,,640.3096428000135,640.3184187000152,642.5764926999982,642.2434350000112,642.5764926999982,645.0948539999954,j,0.30631510002422146,None,10,image1,1,image1,image2,"['low', 'low', 'low', 'high', 'high', 'high']",0.7,0.3,57 ,001,2024-11-17_10h30.14.885,实验程序1.0,2024.2.4,59.916081542396505,2024-11-17 10h30.26.050416 +0800,
148,0,148,j,0.3738467000075616,None,,,,,148,0,148,0,645.1463178000122,,,,,,,,,,,,,,,,,,,,,,,,,,,,645.1375592999975,645.1463178000122,646.5430777000147,646.1433276000025,646.5430777000147,648.6290318999963,j,0.3738467000075616,None,0,image1,0,image1,image2,"['low', 'low', 'high', 'high', 'high', 'high']",0.7,0.3,57 ,001,2024-11-17_10h30.14.885,实验程序1.0,2024.2.4,59.916081542396505,2024-11-17 10h30.26.050416 +0800,
149,0,149,f,0.36482230000547133,None,,,,,149,0,149,0,648.6814954000001,,,,,,,,,,,,,,,,,,,,,,,,,,,,648.6725675000052,648.6814954000001,650.5612445000152,650.1766621000133,650.5612445000152,653.3139071000041,f,0.36482230000547133,None,10,image2,-1,image1,image2,"['low', 'high', 'high', 'high', 'high', 'low']",0.7,0.3,57 ,001,2024-11-17_10h30.14.885,实验程序1.0,2024.2.4,59.916081542396505,2024-11-17 10h30.26.050416 +0800,
150,0,150,j,0.38289809998241253,None,,,,,150,0,150,0,653.433645800018,,,,,,,,,,,,,,,,,,,,,,,,,,,,653.4247647000011,653.433645800018,655.4933810000075,655.0934738999931,655.4933810000075,657.2520319999894,j,0.38289809998241253,None,0,image2,-2,image1,image2,"['high', 'high', 'high', 'high', 'low', 'low']",0.7,0.3,57 ,001,2024-11-17_10h30.14.885,实验程序1.0,2024.2.4,59.916081542396505,2024-11-17 10h30.26.050416 +0800,
151,0,151,j,0.40969939998467453,None,,,,,151,0,151,0,657.3021071999974,,,,,,,,,,,,,,,,,,,,,,,,,,,,657.2932605000096,657.3021071999974,659.4434398000012,659.0103864000121,659.4434398000012,660.9349577999965,j,0.40969939998467453,None,10,image1,-3,image1,image2,"['high', 'high', 'high', 'low', 'low', 'high']",0.7,0.3,57 ,001,2024-11-17_10h30.14.885,实验程序1.0,2024.2.4,59.916081542396505,2024-11-17 10h30.26.050416 +0800,
152,0,152,j,0.44901449998724274,None,,,,,152,0,152,0,660.9868580000184,,,,,,,,,,,,,,,,,,,,,,,,,,,,660.9782027000037,660.9868580000184,662.0931732000026,661.6274783000117,,664.9166945000179,j,0.44901449998724274,None,0,image2,-4,image1,image2,"['high', 'high', 'low', 'low', 'high', 'low']",0.7,0.3,57 ,001,2024-11-17_10h30.14.885,实验程序1.0,2024.2.4,59.916081542396505,2024-11-17 10h30.26.050416 +0800,
153,0,153,j,0.3512793999980204,None,,,,,153,0,153,0,664.9680763999932,,,,,,,,,,,,,,,,,,,,,,,,,,,,664.9582514000067,664.9680763999932,667.0774674999993,666.6934615999926,667.0774674999993,669.1751031000167,j,0.3512793999980204,None,10,image1,-5,image1,image2,"['high', 'low', 'low', 'high', 'low', 'high']",0.7,0.3,57 ,001,2024-11-17_10h30.14.885,实验程序1.0,2024.2.4,59.916081542396505,2024-11-17 10h30.26.050416 +0800,
154,0,154,f,0.3558030999847688,None,,,,,154,0,154,0,669.2258913000114,,,,,,,,,,,,,,,,,,,,,,,,,,,,669.2167926999973,669.2258913000114,670.9598103000026,670.5764423999935,670.9598103000026,673.0165237000037,f,0.3558030999847688,None,0,image1,-6,image1,image2,"['low', 'low', 'high', 'low', 'high', 'high']",0.7,0.3,57 ,001,2024-11-17_10h30.14.885,实验程序1.0,2024.2.4,59.916081542396505,2024-11-17 10h30.26.050416 +0800,
155,0,155,j,0.3203700000012759,None,,,,,155,0,155,0,673.1361230000039,,,,,,,,,,,,,,,,,,,,,,,,,,,,673.1269005000067,673.1361230000039,674.9932198000024,674.6433901000128,674.9932198000024,676.7468233999971,j,0.3203700000012759,None,10,image2,-7,image1,image2,"['low', 'high', 'low', 'high', 'high', 'low']",0.7,0.3,57 ,001,2024-11-17_10h30.14.885,实验程序1.0,2024.2.4,59.916081542396505,2024-11-17 10h30.26.050416 +0800,
156,0,156,f,0.32272419999935664,None,,,,,156,0,156,0,676.7975174000021,,,,,,,,,,,,,,,,,,,,,,,,,,,,676.7887397000159,676.7975174000021,678.3434647000104,677.9934295999992,678.3434647000104,680.3417465999955,f,0.32272419999935664,None,10,image2,-8,image1,image2,"['high', 'low', 'high', 'high', 'low', 'low']",0.7,0.3,57 ,001,2024-11-17_10h30.14.885,实验程序1.0,2024.2.4,59.916081542396505,2024-11-17 10h30.26.050416 +0800,
157,0,157,f,0.4221100999857299,None,,,,,157,0,157,0,680.3929872000008,,,,,,,,,,,,,,,,,,,,,,,,,,,,680.3836175000179,680.3929872000008,682.343349200004,681.894111600006,682.343349200004,685.129354500008,f,0.4221100999857299,None,10,image2,-9,image1,image2,"['low', 'high', 'high', 'low', 'low', 'low']",0.7,0.3,57 ,001,2024-11-17_10h30.14.885,实验程序1.0,2024.2.4,59.916081542396505,2024-11-17 10h30.26.050416 +0800,
158,0,158,f,0.376229899993632,None,,,,,158,0,158,0,685.1806018000061,,,,,,,,,,,,,,,,,,,,,,,,,,,,685.1716156000039,685.1806018000061,687.2599298999994,686.8600946000079,687.2599298999994,690.1483400000143,f,0.376229899993632,None,0,image2,-10,image1,image2,"['high', 'high', 'low', 'low', 'low', 'low']",0.7,0.3,57 ,001,2024-11-17_10h30.14.885,实验程序1.0,2024.2.4,59.916081542396505,2024-11-17 10h30.26.050416 +0800,
159,0,159,j,0.4544591000012588,None,,,,,159,0,159,0,690.2001726000162,,,,,,,,,,,,,,,,,,,,,,,,,,,,690.1898991999915,690.2001726000162,691.5766685999988,691.0933955000073,691.5766685999988,694.1965636000095,j,0.4544591000012588,None,0,image1,-11,image1,image2,"['high', 'low', 'low', 'low', 'low', 'high']",0.7,0.3,57 ,001,2024-11-17_10h30.14.885,实验程序1.0,2024.2.4,59.916081542396505,2024-11-17 10h30.26.050416 +0800,
160,0,160,f,0.46137969999108464,None,,,,,160,0,160,0,694.3156131000142,,,,,,,,,,,,,,,,,,,,,,,,,,,,694.3061774999951,694.3156131000142,696.4099705000117,695.9266674999963,696.4099705000117,698.1002948000096,f,0.46137969999108464,None,0,image2,-12,image1,image2,"['low', 'low', 'low', 'low', 'high', 'low']",0.7,0.3,57 ,001,2024-11-17_10h30.14.885,实验程序1.0,2024.2.4,59.916081542396505,2024-11-17 10h30.26.050416 +0800,
161,0,161,j,0.30698409999604337,None,,,,,161,0,161,0,698.1515375000017,,,,,,,,,,,,,,,,,,,,,,,,,,,,698.1421188999957,698.1515375000017,699.5267957999895,699.1934393999982,699.5267957999895,701.8396820999915,j,0.30698409999604337,None,10,image1,-13,image1,image2,"['low', 'low', 'low', 'high', 'low', 'high']",0.7,0.3,57 ,001,2024-11-17_10h30.14.885,实验程序1.0,2024.2.4,59.916081542396505,2024-11-17 10h30.26.050416 +0800,
162,0,162,f,0.3525730000110343,None,,,,,162,0,162,0,701.8912629999977,,,,,,,,,,,,,,,,,,,,,,,,,,,,701.8826250999991,701.8912629999977,703.827257900004,703.4432877000072,703.827257900004,706.1414647999918,f,0.3525730000110343,None,10,image1,-14,image1,image2,"['low', 'low', 'high', 'low', 'high', 'high']",0.7,0.3,57 ,001,2024-11-17_10h30.14.885,实验程序1.0,2024.2.4,59.916081542396505,2024-11-17 10h30.26.050416 +0800,
163,0,163,f,0.3408355000137817,None,,,,,163,0,163,0,706.1935788000119,,,,,,,,,,,,,,,,,,,,,,,,,,,,706.1839941999933,706.1935788000119,707.9102396999951,707.5432632000011,707.9102396999951,709.4065741999948,f,0.3408355000137817,None,10,image1,-15,image1,image2,"['low', 'high', 'low', 'high', 'high', 'high']",0.7,0.3,57 ,001,2024-11-17_10h30.14.885,实验程序1.0,2024.2.4,59.916081542396505,2024-11-17 10h30.26.050416 +0800,
164,0,164,f,0.61462959999335,None,,,,,164,0,164,0,709.5394973999937,,,,,,,,,,,,,,,,,,,,,,,,,,,,709.5299377999909,709.5394973999937,710.7601453000098,710.1270419000066,,713.3250124999904,f,0.61462959999335,None,10,image1,6,image2,image1,[],0.3,0.7,57 ,001,2024-11-17_10h30.14.885,实验程序1.0,2024.2.4,59.916081542396505,2024-11-17 10h30.26.050416 +0800,
165,0,165,f,0.35004530000151135,None,,,,,165,0,165,0,713.3750951999973,,,,,,,,,,,,,,,,,,,,,,,,,,,,713.3660164000175,713.3750951999973,715.6951835000073,715.3265220000176,715.6951835000073,718.0163768999919,f,0.35004530000151135,None,0,image1,5,image2,image1,['low'],0.3,0.7,57 ,001,2024-11-17_10h30.14.885,实验程序1.0,2024.2.4,59.916081542396505,2024-11-17 10h30.26.050416 +0800,
166,0,166,j,0.3873539000051096,None,,,,,166,0,166,0,718.067223799997,,,,,,,,,,,,,,,,,,,,,,,,,,,,718.0581713000138,718.067223799997,719.5930627000052,719.1766078000073,719.5930627000052,722.3928206000128,j,0.3873539000051096,None,0,image1,4,image2,image1,"['low', 'low']",0.3,0.7,57 ,001,2024-11-17_10h30.14.885,实验程序1.0,2024.2.4,59.916081542396505,2024-11-17 10h30.26.050416 +0800,
167,0,167,j,0.34173480002209544,None,,,,,167,0,167,0,722.4434610000171,,,,,,,,,,,,,,,,,,,,,,,,,,,,722.4347028000047,722.4434610000171,723.4931406000105,723.1267591000069,,726.0868102000095,j,0.34173480002209544,None,10,image2,3,image2,image1,"['low', 'low', 'high']",0.3,0.7,57 ,001,2024-11-17_10h30.14.885,实验程序1.0,2024.2.4,59.916081542396505,2024-11-17 10h30.26.050416 +0800,
168,0,168,j,0.42618430001311935,None,,,,,168,0,168,0,726.1385538000031,,,,,,,,,,,,,,,,,,,,,,,,,,,,726.1280486000178,726.1385538000031,728.4766226999927,728.0266505000181,728.4766226999927,730.6069819999975,j,0.42618430001311935,None,10,image2,2,image2,image1,"['low', 'low', 'high', 'high']",0.3,0.7,57 ,001,2024-11-17_10h30.14.885,实验程序1.0,2024.2.4,59.916081542396505,2024-11-17 10h30.26.050416 +0800,
169,0,169,j,0.3721404999960214,None,,,,,169,0,169,0,730.7267236000043,,,,,,,,,,,,,,,,,,,,,,,,,,,,730.7177673999977,730.7267236000043,732.5605020000075,732.1599681999942,732.5605020000075,734.6864452000009,j,0.3721404999960214,None,10,image2,1,image2,image1,"['low', 'low', 'high', 'high', 'high']",0.3,0.7,57 ,001,2024-11-17_10h30.14.885,实验程序1.0,2024.2.4,59.916081542396505,2024-11-17 10h30.26.050416 +0800,
170,0,170,j,0.3531745999935083,None,,,,,170,0,170,0,734.7365910999943,,,,,,,,,,,,,,,,,,,,,,,,,,,,734.7276697999914,734.7365910999943,736.009745599993,735.6267244000046,736.009745599993,738.158035600005,j,0.3531745999935083,None,10,image2,0,image2,image1,"['low', 'low', 'high', 'high', 'high', 'high']",0.3,0.7,57 ,001,2024-11-17_10h30.14.885,实验程序1.0,2024.2.4,59.916081542396505,2024-11-17 10h30.26.050416 +0800,
171,0,171,j,0.420711000013398,None,,,,,171,0,171,0,738.2084763000021,,,,,,,,,,,,,,,,,,,,,,,,,,,,738.1993173999945,738.2084763000021,739.2098943000019,738.7599716999975,,742.0893301000178,j,0.420711000013398,None,0,image1,-1,image2,image1,"['low', 'high', 'high', 'high', 'high', 'low']",0.3,0.7,57 ,001,2024-11-17_10h30.14.885,实验程序1.0,2024.2.4,59.916081542396505,2024-11-17 10h30.26.050416 +0800,
172,0,172,j,0.2823043999960646,None,,,,,172,0,172,0,742.1405598999991,,,,,,,,,,,,,,,,,,,,,,,,,,,,742.131787899998,742.1405598999991,744.4599391999946,744.1461024000018,744.4599391999946,746.5571232000075,j,0.2823043999960646,None,10,image2,7,image1,image2,[],0.7,0.3,57 ,001,2024-11-17_10h30.14.885,实验程序1.0,2024.2.4,59.916081542396505,2024-11-17 10h30.26.050416 +0800,
173,0,173,f,0.33138389998930506,None,,,,,173,0,173,0,746.679847899999,,,,,,,,,,,,,,,,,,,,,,,,,,,,746.6697372999915,746.679847899999,748.7598992999992,748.4099655000027,748.7598992999992,751.0957377000013,f,0.33138389998930506,None,0,image2,6,image1,image2,['low'],0.7,0.3,57 ,001,2024-11-17_10h30.14.885,实验程序1.0,2024.2.4,59.916081542396505,2024-11-17 10h30.26.050416 +0800,
174,0,174,f,0.7231609000009485,None,,,,,174,0,174,0,751.1460259000014,,,,,,,,,,,,,,,,,,,,,,,,,,,,751.1370106000104,751.1460259000014,753.3597843000025,752.610142599995,753.3597843000025,755.0621685000078,f,0.7231609000009485,None,0,image1,5,image1,image2,"['low', 'high']",0.7,0.3,57 ,001,2024-11-17_10h30.14.885,实验程序1.0,2024.2.4,59.916081542396505,2024-11-17 10h30.26.050416 +0800,
175,0,175,f,0.4761110999970697,None,,,,,175,0,175,0,755.1132625000027,,,,,,,,,,,,,,,,,,,,,,,,,,,,755.1042607999989,755.1132625000027,757.2433275000076,756.743384500005,757.2433275000076,758.9062339999946,f,0.4761110999970697,None,0,image2,4,image1,image2,"['low', 'high', 'low']",0.7,0.3,57 ,001,2024-11-17_10h30.14.885,实验程序1.0,2024.2.4,59.916081542396505,2024-11-17 10h30.26.050416 +0800,
176,0,176,f,0.3722917000122834,None,,,,,176,0,176,0,758.9585976999952,,,,,,,,,,,,,,,,,,,,,,,,,,,,758.9488060000003,758.9585976999952,761.1433261999919,760.7433905999933,761.1433261999919,763.3432305000024,f,0.3722917000122834,None,10,image1,3,image1,image2,"['low', 'high', 'low', 'high']",0.7,0.3,57 ,001,2024-11-17_10h30.14.885,实验程序1.0,2024.2.4,59.916081542396505,2024-11-17 10h30.26.050416 +0800,
177,0,177,f,0.3265733000007458,None,,,,,177,0,177,0,763.3936116000114,,,,,,,,,,,,,,,,,,,,,,,,,,,,763.3848655000038,763.3936116000114,765.4599337000109,765.1098747999931,765.4599337000109,767.4843341000087,f,0.3265733000007458,None,0,image1,2,image1,image2,"['low', 'high', 'low', 'high', 'high']",0.7,0.3,57 ,001,2024-11-17_10h30.14.885,实验程序1.0,2024.2.4,59.916081542396505,2024-11-17 10h30.26.050416 +0800,
178,0,178,f,0.3145888000144623,None,,,,,178,0,178,0,767.6053908000176,,,,,,,,,,,,,,,,,,,,,,,,,,,,767.5961677000159,767.6053908000176,768.743349700002,768.4100752999948,,771.6668073000037,f,0.3145888000144623,None,0,image1,1,image1,image2,"['low', 'high', 'low', 'high', 'high', 'high']",0.7,0.3,57 ,001,2024-11-17_10h30.14.885,实验程序1.0,2024.2.4,59.916081542396505,2024-11-17 10h30.26.050416 +0800,
179,0,179,j,0.33075880000251345,None,,,,,179,0,179,0,771.7182736000104,,,,,,,,,,,,,,,,,,,,,,,,,,,,771.708461400005,771.7182736000104,773.5098146999953,773.1609744000016,773.5098146999953,775.7789224000007,j,0.33075880000251345,None,0,image2,0,image1,image2,"['high', 'low', 'high', 'high', 'high', 'low']",0.7,0.3,57 ,001,2024-11-17_10h30.14.885,实验程序1.0,2024.2.4,59.916081542396505,2024-11-17 10h30.26.050416 +0800,
