thisN,thisTrialN,thisRepN,key_resp.keys,key_resp.rt,key_resp.duration,trials_prac.thisRepN,trials_prac.thisTrialN,trials_prac.thisN,trials_prac.thisIndex,trials.thisRepN,trials.thisTrialN,trials.thisN,trials.thisIndex,thisRow.t,notes,intro.started,intro1.started,key_resp_2.started,intro.stopped,key_resp_2.keys,key_resp_2.rt,key_resp_2.duration,intro_2.started,key_resp_4.started,key_resp_4.keys,key_resp_4.rt,key_resp_4.duration,prac_frame.started,prac_image2.stopped,prac_key_resp.started,prac_image1.stopped,trials_prac.prac_key_resp.keys,trials_prac.prac_key_resp.rt,trials_prac.prac_key_resp.duration,start.started,start_trail.started,key_resp_3.started,start.stopped,key_resp_3.keys,key_resp_3.rt,key_resp_3.duration,trail.started,frame.started,image1.stopped,image2.stopped,key_resp.started,trail.stopped,trials.key_resp.keys,trials.key_resp.rt,trials.key_resp.duration,reward_result,selected_image,buffer_trail,high_prob_image,low_prob_image,choice_history,image1_prob,image2_prob,participant,session,date,expName,psychopyVersion,frameRate,expStart
,,,,,,,,,,,,,,,,0.0033726,0.0083782,0.0083782,4.9408658,space,4.9182104,None,,,,,,,,,,,,,,,,,,,,,,,,,,,,,,,,,,,,,59,1,2024-11-17_10h26.54.637,实验程序1.0,2024.2.4,60.04682451,2024-11-17 10h27.06.744758 +0800
,,,,,,,,,,,,,,,,,,,,,,,4.9535981,4.9535981,space,4.9893553,None,,,,,,,,,,,,,,,,,,,,,,,,,,,,,,,,59,1,2024-11-17_10h26.54.637,实验程序1.0,2024.2.4,60.04682451,2024-11-17 10h27.06.744758 +0800
9,0,9,,,,9,0,9,0,,,,,34.7607964,,,,,,,,,,,,,,34.7607964,35.8875451,35.2875446,33.2872326,j,0.5831176,None,37.3545284,37.3619243,37.3619243,42.2713563,space,4.9005928,None,,,,,,,,,,,,,,,,,,59,1,2024-11-17_10h26.54.637,实验程序1.0,2024.2.4,60.04682451,2024-11-17 10h27.06.744758 +0800
0,0,0,f,0.5316384,None,,,,,0,0,0,0,42.3194546,,,,,,,,,,,,,,,,,,,,,,,,,,,,42.3103392,42.3194546,44.5209263,44.5209263,43.9706816,46.2551997,f,0.5316384,None,10,image2,5,image2,image1,['high'],0.3,0.7,59,1,2024-11-17_10h26.54.637,实验程序1.0,2024.2.4,60.04682451,2024-11-17 10h27.06.744758 +0800
0,0,0,j,0.5290617,None,,,,,0,0,0,0,46.3064873,,,,,,,,,,,,,,,,,,,,,,,,,,,,46.2993179,46.3064873,48.8042952,48.8042952,48.2538911,51.7173882,j,0.5290617,None,10,image2,4,image2,image1,"['high', 'high']",0.3,0.7,59,1,2024-11-17_10h26.54.637,实验程序1.0,2024.2.4,60.04682451,2024-11-17 10h27.06.744758 +0800
1,0,1,f,0.6212795,None,,,,,1,0,1,0,51.7663624,,,,,,,,,,,,,,,,,,,,,,,,,,,,51.7591004,51.7663624,53.1877538,53.1877538,52.5379311,55.1931241,f,0.6212795,None,0,image1,3,image2,image1,"['high', 'high', 'low']",0.3,0.7,59,1,2024-11-17_10h26.54.637,实验程序1.0,2024.2.4,60.04682451,2024-11-17 10h27.06.744758 +0800
2,0,2,f,0.4212352,None,,,,,2,0,2,0,55.2436833,,,,,,,,,,,,,,,,,,,,,,,,,,,,55.236558,55.2436833,56.5876132,56.5876132,56.1375958,58.9788203,f,0.4212352,None,10,image2,2,image2,image1,"['high', 'high', 'low', 'high']",0.3,0.7,59,1,2024-11-17_10h26.54.637,实验程序1.0,2024.2.4,60.04682451,2024-11-17 10h27.06.744758 +0800
3,0,3,f,0.5104823,None,,,,,3,0,3,0,59.0801893,,,,,,,,,,,,,,,,,,,,,,,,,,,,59.0729501,59.0801893,61.637654,61.637654,61.1042724,63.4269165,f,0.5104823,None,10,image2,1,image2,image1,"['high', 'high', 'low', 'high', 'high']",0.3,0.7,59,1,2024-11-17_10h26.54.637,实验程序1.0,2024.2.4,60.04682451,2024-11-17 10h27.06.744758 +0800
4,0,4,j,0.5751051,None,,,,,4,0,4,0,63.4728168,,,,,,,,,,,,,,,,,,,,,,,,,,,,63.4656697,63.4728168,65.0876333,65.0876333,64.4876798,67.7044838,j,0.5751051,None,0,image2,4,image1,image2,[],0.7,0.3,59,1,2024-11-17_10h26.54.637,实验程序1.0,2024.2.4,60.04682451,2024-11-17 10h27.06.744758 +0800
5,0,5,j,0.5121294,None,,,,,5,0,5,0,67.7579963,,,,,,,,,,,,,,,,,,,,,,,,,,,,67.750831,67.7579963,69.7708605,69.7708605,69.237678,71.911564,j,0.5121294,None,0,image2,3,image1,image2,['low'],0.7,0.3,59,1,2024-11-17_10h26.54.637,实验程序1.0,2024.2.4,60.04682451,2024-11-17 10h27.06.744758 +0800
6,0,6,j,0.6790969,None,,,,,6,0,6,0,71.9650731,,,,,,,,,,,,,,,,,,,,,,,,,,,,71.9579375,71.9650731,74.5877379,74.5877379,73.8876967,77.0163362,j,0.6790969,None,10,image1,2,image1,image2,"['low', 'high']",0.7,0.3,59,1,2024-11-17_10h26.54.637,实验程序1.0,2024.2.4,60.04682451,2024-11-17 10h27.06.744758 +0800
7,0,7,f,0.5485,None,,,,,7,0,7,0,77.1155571,,,,,,,,,,,,,,,,,,,,,,,,,,,,77.1086631,77.1155571,79.5209279,79.5209279,78.9542783,82.4690748,f,0.5485,None,10,image1,1,image1,image2,"['low', 'high', 'high']",0.7,0.3,59,1,2024-11-17_10h26.54.637,实验程序1.0,2024.2.4,60.04682451,2024-11-17 10h27.06.744758 +0800
8,0,8,f,0.3813283,None,,,,,8,0,8,0,82.5145128,,,,,,,,,,,,,,,,,,,,,,,,,,,,82.5075557,82.5145128,84.320721,84.320721,83.9211049,86.8430708,f,0.3813283,None,10,image1,0,image1,image2,"['low', 'high', 'high', 'high']",0.7,0.3,59,1,2024-11-17_10h26.54.637,实验程序1.0,2024.2.4,60.04682451,2024-11-17 10h27.06.744758 +0800
9,0,9,j,0.574252,None,,,,,9,0,9,0,86.8938443,,,,,,,,,,,,,,,,,,,,,,,,,,,,86.8868061,86.8938443,89.3044216,89.3044216,88.7044522,91.6378799,j,0.574252,None,10,image1,-1,image1,image2,"['low', 'high', 'high', 'high', 'high']",0.7,0.3,59,1,2024-11-17_10h26.54.637,实验程序1.0,2024.2.4,60.04682451,2024-11-17 10h27.06.744758 +0800
10,0,10,j,0.4686234,None,,,,,10,0,10,0,91.6925928,,,,,,,,,,,,,,,,,,,,,,,,,,,,91.6854248,91.6925928,94.0544693,94.0544693,93.554325,96.8959175,j,0.4686234,None,10,image2,-2,image1,image2,"['low', 'high', 'high', 'high', 'high', 'low']",0.7,0.3,59,1,2024-11-17_10h26.54.637,实验程序1.0,2024.2.4,60.04682451,2024-11-17 10h27.06.744758 +0800
11,0,11,f,0.7044342,None,,,,,11,0,11,0,96.9466179,,,,,,,,,,,,,,,,,,,,,,,,,,,,96.9395758,96.9466179,99.2043144,99.2043144,98.4709904,101.6142208,f,0.7044342,None,0,image2,-3,image1,image2,"['high', 'high', 'high', 'high', 'low', 'low']",0.7,0.3,59,1,2024-11-17_10h26.54.637,实验程序1.0,2024.2.4,60.04682451,2024-11-17 10h27.06.744758 +0800
12,0,12,j,0.8600269,None,,,,,12,0,12,0,101.7129742,,,,,,,,,,,,,,,,,,,,,,,,,,,,101.7057121,101.7129742,103.8544625,103.8544625,102.9710302,106.2412182,j,0.8600269,None,0,image1,-4,image1,image2,"['high', 'high', 'high', 'low', 'low', 'high']",0.7,0.3,59,1,2024-11-17_10h26.54.637,实验程序1.0,2024.2.4,60.04682451,2024-11-17 10h27.06.744758 +0800
13,0,13,f,0.6698438,None,,,,,13,0,13,0,106.2909849,,,,,,,,,,,,,,,,,,,,,,,,,,,,106.2838423,106.2909849,108.6211381,108.6211381,107.92103,111.0018336,f,0.6698438,None,10,image1,-5,image1,image2,"['high', 'high', 'low', 'low', 'high', 'high']",0.7,0.3,59,1,2024-11-17_10h26.54.637,实验程序1.0,2024.2.4,60.04682451,2024-11-17 10h27.06.744758 +0800
14,0,14,f,0.4044669,None,,,,,14,0,14,0,111.0472278,,,,,,,,,,,,,,,,,,,,,,,,,,,,111.0399199,111.0472278,,112.187749,111.7543843,114.074259,f,0.4044669,None,0,image1,-6,image1,image2,"['high', 'low', 'low', 'high', 'high', 'high']",0.7,0.3,59,1,2024-11-17_10h26.54.637,实验程序1.0,2024.2.4,60.04682451,2024-11-17 10h27.06.744758 +0800
15,0,15,j,0.3685579,None,,,,,15,0,15,0,114.1268295,,,,,,,,,,,,,,,,,,,,,,,,,,,,114.1197577,114.1268295,116.4377945,116.4377945,116.0377968,118.9064045,j,0.3685579,None,10,image1,-7,image1,image2,"['low', 'low', 'high', 'high', 'high', 'high']",0.7,0.3,59,1,2024-11-17_10h26.54.637,实验程序1.0,2024.2.4,60.04682451,2024-11-17 10h27.06.744758 +0800
16,0,16,f,1.1134113,None,,,,,16,0,16,0,119.0086676,,,,,,,,,,,,,,,,,,,,,,,,,,,,119.0015592,119.0086676,122.1544268,122.1544268,121.0210063,124.3762566,f,1.1134113,None,10,image1,3,image2,image1,[],0.3,0.7,59,1,2024-11-17_10h26.54.637,实验程序1.0,2024.2.4,60.04682451,2024-11-17 10h27.06.744758 +0800
17,0,17,j,0.9224169,None,,,,,17,0,17,0,124.4275516,,,,,,,,,,,,,,,,,,,,,,,,,,,,124.4205163,124.4275516,126.7545102,126.7545102,125.804545,129.1559341,j,0.9224169,None,0,image2,2,image2,image1,['high'],0.3,0.7,59,1,2024-11-17_10h26.54.637,实验程序1.0,2024.2.4,60.04682451,2024-11-17 10h27.06.744758 +0800
18,0,18,j,0.5161959,None,,,,,18,0,18,0,129.208193,,,,,,,,,,,,,,,,,,,,,,,,,,,,129.2008734,129.208193,131.7043464,131.7043464,131.1711251,134.0620492,j,0.5161959,None,0,image2,1,image2,image1,"['high', 'high']",0.3,0.7,59,1,2024-11-17_10h26.54.637,实验程序1.0,2024.2.4,60.04682451,2024-11-17 10h27.06.744758 +0800
19,0,19,f,0.534751,None,,,,,19,0,19,0,134.1146955,,,,,,,,,,,,,,,,,,,,,,,,,,,,134.1072274,134.1146955,136.2545672,136.2545672,135.6878648,138.1854856,f,0.534751,None,0,image1,0,image2,image1,"['high', 'high', 'low']",0.3,0.7,59,1,2024-11-17_10h26.54.637,实验程序1.0,2024.2.4,60.04682451,2024-11-17 10h27.06.744758 +0800
20,0,20,f,0.3270005,None,,,,,20,0,20,0,138.2307875,,,,,,,,,,,,,,,,,,,,,,,,,,,,138.2236922,138.2307875,139.6378088,139.6378088,139.2879164,141.8653018,f,0.3270005,None,0,image1,-1,image2,image1,"['high', 'high', 'low', 'low']",0.3,0.7,59,1,2024-11-17_10h26.54.637,实验程序1.0,2024.2.4,60.04682451,2024-11-17 10h27.06.744758 +0800
21,0,21,f,0.6458462,None,,,,,21,0,21,0,141.9163811,,,,,,,,,,,,,,,,,,,,,,,,,,,,141.9091333,141.9163811,143.971199,143.971199,143.3043844,145.6043462,f,0.6458462,None,10,image2,-2,image2,image1,"['high', 'high', 'low', 'low', 'high']",0.3,0.7,59,1,2024-11-17_10h26.54.637,实验程序1.0,2024.2.4,60.04682451,2024-11-17 10h27.06.744758 +0800
22,0,22,j,0.3441164,None,,,,,22,0,22,0,145.6548272,,,,,,,,,,,,,,,,,,,,,,,,,,,,145.6474318,145.6548272,148.0212149,148.0212149,147.6545639,150.9623799,j,0.3441164,None,10,image2,-3,image2,image1,"['high', 'high', 'low', 'low', 'high', 'high']",0.3,0.7,59,1,2024-11-17_10h26.54.637,实验程序1.0,2024.2.4,60.04682451,2024-11-17 10h27.06.744758 +0800
23,0,23,f,0.5875674,None,,,,,23,0,23,0,151.0163642,,,,,,,,,,,,,,,,,,,,,,,,,,,,151.0091727,151.0163642,,152.1879296,151.5711731,154.4273328,f,0.5875674,None,10,image2,-4,image2,image1,"['high', 'low', 'low', 'high', 'high', 'high']",0.3,0.7,59,1,2024-11-17_10h26.54.637,实验程序1.0,2024.2.4,60.04682451,2024-11-17 10h27.06.744758 +0800
24,0,24,j,0.396008,None,,,,,24,0,24,0,154.4770663,,,,,,,,,,,,,,,,,,,,,,,,,,,,154.4698313,154.4770663,156.4045143,156.4045143,155.987877,159.3581808,j,0.396008,None,10,image2,-5,image2,image1,"['low', 'low', 'high', 'high', 'high', 'high']",0.3,0.7,59,1,2024-11-17_10h26.54.637,实验程序1.0,2024.2.4,60.04682451,2024-11-17 10h27.06.744758 +0800
25,0,25,f,0.4691305,None,,,,,25,0,25,0,159.4605421,,,,,,,,,,,,,,,,,,,,,,,,,,,,159.4534667,159.4605421,161.8211843,161.8211843,161.3214577,163.7832232,f,0.4691305,None,10,image2,10,image1,image2,[],0.7,0.3,59,1,2024-11-17_10h26.54.637,实验程序1.0,2024.2.4,60.04682451,2024-11-17 10h27.06.744758 +0800
26,0,26,f,0.4529644,None,,,,,26,0,26,0,163.8385187,,,,,,,,,,,,,,,,,,,,,,,,,,,,163.8312253,163.8385187,166.2046962,166.2046962,165.7210697,168.9044716,f,0.4529644,None,0,image2,9,image1,image2,['low'],0.7,0.3,59,1,2024-11-17_10h26.54.637,实验程序1.0,2024.2.4,60.04682451,2024-11-17 10h27.06.744758 +0800
27,0,27,f,0.3334417,None,,,,,27,0,27,0,168.9583305,,,,,,,,,,,,,,,,,,,,,,,,,,,,168.9511997,168.9583305,170.8546269,170.8546269,170.5046336,173.4745898,f,0.3334417,None,0,image2,8,image1,image2,"['low', 'low']",0.7,0.3,59,1,2024-11-17_10h26.54.637,实验程序1.0,2024.2.4,60.04682451,2024-11-17 10h27.06.744758 +0800
28,0,28,f,0.3444516,None,,,,,28,0,28,0,173.5258562,,,,,,,,,,,,,,,,,,,,,,,,,,,,173.5186359,173.5258562,175.2211749,175.2211749,174.8546243,177.7584374,f,0.3444516,None,0,image2,7,image1,image2,"['low', 'low', 'low']",0.7,0.3,59,1,2024-11-17_10h26.54.637,实验程序1.0,2024.2.4,60.04682451,2024-11-17 10h27.06.744758 +0800
29,0,29,f,0.4481361,None,,,,,29,0,29,0,177.861823,,,,,,,,,,,,,,,,,,,,,,,,,,,,177.8546877,177.861823,179.12125,179.12125,178.6544699,181.3482704,f,0.4481361,None,10,image2,6,image1,image2,"['low', 'low', 'low', 'low']",0.7,0.3,59,1,2024-11-17_10h26.54.637,实验程序1.0,2024.2.4,60.04682451,2024-11-17 10h27.06.744758 +0800
30,0,30,f,0.4252731,None,,,,,30,0,30,0,181.4030514,,,,,,,,,,,,,,,,,,,,,,,,,,,,181.3956638,181.4030514,183.0879948,183.0879948,182.6379238,186.0015781,f,0.4252731,None,0,image2,5,image1,image2,"['low', 'low', 'low', 'low', 'low']",0.7,0.3,59,1,2024-11-17_10h26.54.637,实验程序1.0,2024.2.4,60.04682451,2024-11-17 10h27.06.744758 +0800
31,0,31,j,0.5742968,None,,,,,31,0,31,0,186.0469557,,,,,,,,,,,,,,,,,,,,,,,,,,,,186.0397154,186.0469557,187.3212788,187.3212788,186.7213518,189.175047,j,0.5742968,None,10,image2,4,image1,image2,"['low', 'low', 'low', 'low', 'low', 'low']",0.7,0.3,59,1,2024-11-17_10h26.54.637,实验程序1.0,2024.2.4,60.04682451,2024-11-17 10h27.06.744758 +0800
32,0,32,j,0.4667004,None,,,,,32,0,32,0,189.2269827,,,,,,,,,,,,,,,,,,,,,,,,,,,,189.2198973,189.2269827,190.8713185,190.8713185,190.3879672,192.924545,j,0.4667004,None,0,image1,3,image1,image2,"['low', 'low', 'low', 'low', 'low', 'high']",0.7,0.3,59,1,2024-11-17_10h26.54.637,实验程序1.0,2024.2.4,60.04682451,2024-11-17 10h27.06.744758 +0800
33,0,33,j,0.3881215,None,,,,,33,0,33,0,192.9752062,,,,,,,,,,,,,,,,,,,,,,,,,,,,192.9682577,192.9752062,194.3880435,194.3880435,193.9713228,196.7982188,j,0.3881215,None,0,image2,2,image1,image2,"['low', 'low', 'low', 'low', 'high', 'low']",0.7,0.3,59,1,2024-11-17_10h26.54.637,实验程序1.0,2024.2.4,60.04682451,2024-11-17 10h27.06.744758 +0800
34,0,34,j,0.5626624,None,,,,,34,0,34,0,196.8978393,,,,,,,,,,,,,,,,,,,,,,,,,,,,196.8908234,196.8978393,198.3547707,198.3547707,197.7714039,201.1250163,j,0.5626624,None,0,image2,1,image1,image2,"['low', 'low', 'low', 'high', 'low', 'low']",0.7,0.3,59,1,2024-11-17_10h26.54.637,实验程序1.0,2024.2.4,60.04682451,2024-11-17 10h27.06.744758 +0800
35,0,35,j,0.5373486,None,,,,,35,0,35,0,201.1754456,,,,,,,,,,,,,,,,,,,,,,,,,,,,201.1682562,201.1754456,203.5880196,203.5880196,203.0212658,205.4957754,j,0.5373486,None,10,image2,0,image1,image2,"['low', 'low', 'high', 'low', 'low', 'low']",0.7,0.3,59,1,2024-11-17_10h26.54.637,实验程序1.0,2024.2.4,60.04682451,2024-11-17 10h27.06.744758 +0800
36,0,36,j,0.6371047,None,,,,,36,0,36,0,205.5491064,,,,,,,,,,,,,,,,,,,,,,,,,,,,205.5418249,205.5491064,208.0046308,208.0046308,207.3379256,210.877219,j,0.6371047,None,0,image2,-1,image1,image2,"['low', 'high', 'low', 'low', 'low', 'low']",0.7,0.3,59,1,2024-11-17_10h26.54.637,实验程序1.0,2024.2.4,60.04682451,2024-11-17 10h27.06.744758 +0800
37,0,37,j,0.5415374,None,,,,,37,0,37,0,210.9197267,,,,,,,,,,,,,,,,,,,,,,,,,,,,210.9126586,210.9197267,,212.0880684,211.521362,213.6223392,j,0.5415374,None,0,image1,-2,image1,image2,"['high', 'low', 'low', 'low', 'low', 'high']",0.7,0.3,59,1,2024-11-17_10h26.54.637,实验程序1.0,2024.2.4,60.04682451,2024-11-17 10h27.06.744758 +0800
38,0,38,f,0.456047,None,,,,,38,0,38,0,213.7206433,,,,,,,,,,,,,,,,,,,,,,,,,,,,213.7135799,213.7206433,215.1547549,215.1547549,214.6712905,217.3042703,f,0.456047,None,0,image2,-3,image1,image2,"['low', 'low', 'low', 'low', 'high', 'low']",0.7,0.3,59,1,2024-11-17_10h26.54.637,实验程序1.0,2024.2.4,60.04682451,2024-11-17 10h27.06.744758 +0800
39,0,39,j,0.5108883,None,,,,,39,0,39,0,217.3491042,,,,,,,,,,,,,,,,,,,,,,,,,,,,217.3419533,217.3491042,218.8214839,218.8214839,218.2880585,220.4839005,j,0.5108883,None,0,image2,-4,image1,image2,"['low', 'low', 'low', 'high', 'low', 'low']",0.7,0.3,59,1,2024-11-17_10h26.54.637,实验程序1.0,2024.2.4,60.04682451,2024-11-17 10h27.06.744758 +0800
40,0,40,j,0.3779364,None,,,,,40,0,40,0,220.5288453,,,,,,,,,,,,,,,,,,,,,,,,,,,,220.5217329,220.5288453,222.0213914,222.0213914,221.6213708,224.9231556,j,0.3779364,None,0,image2,-5,image1,image2,"['low', 'low', 'high', 'low', 'low', 'low']",0.7,0.3,59,1,2024-11-17_10h26.54.637,实验程序1.0,2024.2.4,60.04682451,2024-11-17 10h27.06.744758 +0800
41,0,41,j,0.5463095,None,,,,,41,0,41,0,224.9757657,,,,,,,,,,,,,,,,,,,,,,,,,,,,224.9686644,224.9757657,226.9882677,226.9882677,226.4213614,229.4964374,j,0.5463095,None,0,image1,-6,image1,image2,"['low', 'high', 'low', 'low', 'low', 'high']",0.7,0.3,59,1,2024-11-17_10h26.54.637,实验程序1.0,2024.2.4,60.04682451,2024-11-17 10h27.06.744758 +0800
42,0,42,f,0.5145439,None,,,,,42,0,42,0,229.5416543,,,,,,,,,,,,,,,,,,,,,,,,,,,,229.5344235,229.5416543,231.1213707,231.1213707,230.5881102,234.0214017,f,0.5145439,None,0,image2,-7,image1,image2,"['high', 'low', 'low', 'low', 'high', 'low']",0.7,0.3,59,1,2024-11-17_10h26.54.637,实验程序1.0,2024.2.4,60.04682451,2024-11-17 10h27.06.744758 +0800
43,0,43,f,0.9942071,None,,,,,43,0,43,0,234.1184171,,,,,,,,,,,,,,,,,,,,,,,,,,,,234.1110707,234.1184171,236.4380947,236.4380947,235.4213345,238.1233768,f,0.9942071,None,10,image2,-8,image1,image2,"['low', 'low', 'low', 'high', 'low', 'low']",0.7,0.3,59,1,2024-11-17_10h26.54.637,实验程序1.0,2024.2.4,60.04682451,2024-11-17 10h27.06.744758 +0800
44,0,44,j,0.4518199,None,,,,,44,0,44,0,238.1686549,,,,,,,,,,,,,,,,,,,,,,,,,,,,238.1612999,238.1686549,,239.2381183,238.7548057,242.0689087,j,0.4518199,None,0,image2,-9,image1,image2,"['low', 'low', 'high', 'low', 'low', 'low']",0.7,0.3,59,1,2024-11-17_10h26.54.637,实验程序1.0,2024.2.4,60.04682451,2024-11-17 10h27.06.744758 +0800
45,0,45,None,,,,,,,45,0,45,0,242.1146668,,,,,,,,,,,,,,,,,,,,,,,,,,,,242.1074848,242.1146668,245.0540217,245.0540217,243.8216638,246.0563119,None,,,,,,,,,,,59,1,2024-11-17_10h26.54.637,实验程序1.0,2024.2.4,60.04682451,2024-11-17 10h27.06.744758 +0800
46,0,46,j,0.4568296,None,,,,,46,0,46,0,246.1081852,,,,,,,,,,,,,,,,,,,,,,,,,,,,246.1011191,246.1081852,247.7382164,247.7382164,247.2548235,250.156713,j,0.4568296,None,0,image2,-10,image1,image2,"['low', 'high', 'low', 'low', 'low', 'low']",0.7,0.3,59,1,2024-11-17_10h26.54.637,实验程序1.0,2024.2.4,60.04682451,2024-11-17 10h27.06.744758 +0800
47,0,47,f,0.9739807,None,,,,,47,0,47,0,250.2608307,,,,,,,,,,,,,,,,,,,,,,,,,,,,250.254012,250.2608307,252.9380414,252.9380414,251.9381734,255.8327026,f,0.9739807,None,0,image2,-11,image1,image2,"['high', 'low', 'low', 'low', 'low', 'low']",0.7,0.3,59,1,2024-11-17_10h26.54.637,实验程序1.0,2024.2.4,60.04682451,2024-11-17 10h27.06.744758 +0800
48,0,48,j,0.429053,None,,,,,48,0,48,0,255.8826735,,,,,,,,,,,,,,,,,,,,,,,,,,,,255.8756884,255.8826735,,256.9880852,256.5380486,259.3581707,j,0.429053,None,10,image1,-12,image1,image2,"['low', 'low', 'low', 'low', 'low', 'high']",0.7,0.3,59,1,2024-11-17_10h26.54.637,实验程序1.0,2024.2.4,60.04682451,2024-11-17 10h27.06.744758 +0800
49,0,49,f,0.5419014,None,,,,,49,0,49,0,259.4104128,,,,,,,,,,,,,,,,,,,,,,,,,,,,259.4032382,259.4104128,260.8882231,260.8882231,260.3215127,263.4522329,f,0.5419014,None,0,image2,-13,image1,image2,"['low', 'low', 'low', 'low', 'high', 'low']",0.7,0.3,59,1,2024-11-17_10h26.54.637,实验程序1.0,2024.2.4,60.04682451,2024-11-17 10h27.06.744758 +0800
50,0,50,j,0.3804995,None,,,,,50,0,50,0,263.4972329,,,,,,,,,,,,,,,,,,,,,,,,,,,,263.4899748,263.4972329,,264.5382476,264.1380985,266.7332631,j,0.3804995,None,0,image2,-14,image1,image2,"['low', 'low', 'low', 'high', 'low', 'low']",0.7,0.3,59,1,2024-11-17_10h26.54.637,实验程序1.0,2024.2.4,60.04682451,2024-11-17 10h27.06.744758 +0800
51,0,51,j,0.3794422,None,,,,,51,0,51,0,266.784051,,,,,,,,,,,,,,,,,,,,,,,,,,,,266.7767854,266.784051,,267.771569,267.3714869,269.5438676,j,0.3794422,None,0,image2,-15,image1,image2,"['low', 'low', 'high', 'low', 'low', 'low']",0.7,0.3,59,1,2024-11-17_10h26.54.637,实验程序1.0,2024.2.4,60.04682451,2024-11-17 10h27.06.744758 +0800
52,0,52,f,0.7290041,None,,,,,52,0,52,0,269.6461656,,,,,,,,,,,,,,,,,,,,,,,,,,,,269.6391279,269.6461656,271.9881013,271.9881013,271.2381505,274.8229658,f,0.7290041,None,0,image1,-16,image1,image2,"['low', 'high', 'low', 'low', 'low', 'high']",0.7,0.3,59,1,2024-11-17_10h26.54.637,实验程序1.0,2024.2.4,60.04682451,2024-11-17 10h27.06.744758 +0800
53,0,53,j,0.3932292,None,,,,,53,0,53,0,274.8736219,,,,,,,,,,,,,,,,,,,,,,,,,,,,274.8666145,274.8736219,276.4550526,276.4550526,276.0381465,278.7126828,j,0.3932292,None,10,image1,-17,image1,image2,"['high', 'low', 'low', 'low', 'high', 'high']",0.7,0.3,59,1,2024-11-17_10h26.54.637,实验程序1.0,2024.2.4,60.04682451,2024-11-17 10h27.06.744758 +0800
54,0,54,f,0.3915187,None,,,,,54,0,54,0,278.7651916,,,,,,,,,,,,,,,,,,,,,,,,,,,,278.7580007,278.7651916,280.6883752,280.6883752,280.2714627,282.9354519,f,0.3915187,None,0,image1,-18,image1,image2,"['low', 'low', 'low', 'high', 'high', 'high']",0.7,0.3,59,1,2024-11-17_10h26.54.637,实验程序1.0,2024.2.4,60.04682451,2024-11-17 10h27.06.744758 +0800
55,0,55,j,0.3904954,None,,,,,55,0,55,0,282.9807127,,,,,,,,,,,,,,,,,,,,,,,,,,,,282.9736266,282.9807127,285.1215434,285.1215434,284.704964,287.2730446,j,0.3904954,None,0,image2,-19,image1,image2,"['low', 'low', 'high', 'high', 'high', 'low']",0.7,0.3,59,1,2024-11-17_10h26.54.637,实验程序1.0,2024.2.4,60.04682451,2024-11-17 10h27.06.744758 +0800
56,0,56,j,0.6096966,None,,,,,56,0,56,0,287.3750018,,,,,,,,,,,,,,,,,,,,,,,,,,,,287.3678934,287.3750018,288.6549229,288.6549229,288.021535,290.1346,j,0.6096966,None,10,image2,-20,image1,image2,"['low', 'high', 'high', 'high', 'low', 'low']",0.7,0.3,59,1,2024-11-17_10h26.54.637,实验程序1.0,2024.2.4,60.04682451,2024-11-17 10h27.06.744758 +0800
57,0,57,f,0.6755501,None,,,,,57,0,57,0,290.179997,,,,,,,,,,,,,,,,,,,,,,,,,,,,290.1730135,290.179997,292.871624,292.871624,292.1715768,294.7304427,f,0.6755501,None,0,image2,-21,image1,image2,"['high', 'high', 'high', 'low', 'low', 'low']",0.7,0.3,59,1,2024-11-17_10h26.54.637,实验程序1.0,2024.2.4,60.04682451,2024-11-17 10h27.06.744758 +0800
58,0,58,j,0.589175,None,,,,,58,0,58,0,294.7810661,,,,,,,,,,,,,,,,,,,,,,,,,,,,294.7739296,294.7810661,297.3549745,297.3549745,296.7381974,299.7375049,j,0.589175,None,10,image1,-22,image1,image2,"['high', 'high', 'low', 'low', 'low', 'high']",0.7,0.3,59,1,2024-11-17_10h26.54.637,实验程序1.0,2024.2.4,60.04682451,2024-11-17 10h27.06.744758 +0800
59,0,59,j,0.5137467,None,,,,,59,0,59,0,299.7897936,,,,,,,,,,,,,,,,,,,,,,,,,,,,299.7824786,299.7897936,302.3382469,302.3382469,301.8049018,305.2971783,j,0.5137467,None,10,image1,-23,image1,image2,"['high', 'low', 'low', 'low', 'high', 'high']",0.7,0.3,59,1,2024-11-17_10h26.54.637,实验程序1.0,2024.2.4,60.04682451,2024-11-17 10h27.06.744758 +0800
60,0,60,f,1.2015151,None,,,,,60,0,60,0,305.3482771,,,,,,,,,,,,,,,,,,,,,,,,,,,,305.3409491,305.3482771,307.2549271,307.2549271,306.0215514,310.2488546,f,1.2015151,None,10,image1,,image1,image2,,,,59,1,2024-11-17_10h26.54.637,实验程序1.0,2024.2.4,60.04682451,2024-11-17 10h27.06.744758 +0800
61,0,61,j,0.3374843,None,,,,,61,0,61,0,310.3532116,,,,,,,,,,,,,,,,,,,,,,,,,,,,310.3459831,310.3532116,,311.5881798,311.2216519,313.8993409,j,0.3374843,None,10,image2,-24,image1,image2,"['low', 'low', 'high', 'high', 'low', 'low']",0.7,0.3,59,1,2024-11-17_10h26.54.637,实验程序1.0,2024.2.4,60.04682451,2024-11-17 10h27.06.744758 +0800
62,0,62,j,0.4534038,None,,,,,62,0,62,0,313.9511999,,,,,,,,,,,,,,,,,,,,,,,,,,,,313.9439635,313.9511999,316.4049159,316.4049159,315.9218661,319.1084156,j,0.4534038,None,0,image2,-25,image1,image2,"['low', 'high', 'high', 'low', 'low', 'low']",0.7,0.3,59,1,2024-11-17_10h26.54.637,实验程序1.0,2024.2.4,60.04682451,2024-11-17 10h27.06.744758 +0800
63,0,63,j,0.4652474,None,,,,,63,0,63,0,319.1617357,,,,,,,,,,,,,,,,,,,,,,,,,,,,319.1545035,319.1617357,320.9216904,320.9216904,320.4382278,323.6309484,j,0.4652474,None,10,image2,-26,image1,image2,"['high', 'high', 'low', 'low', 'low', 'low']",0.7,0.3,59,1,2024-11-17_10h26.54.637,实验程序1.0,2024.2.4,60.04682451,2024-11-17 10h27.06.744758 +0800
64,0,64,f,0.4288076,None,,,,,64,0,64,0,323.680936,,,,,,,,,,,,,,,,,,,,,,,,,,,,323.6739061,323.680936,325.3715515,325.3715515,324.9216647,326.9318659,f,0.4288076,None,0,image2,-27,image1,image2,"['high', 'low', 'low', 'low', 'low', 'low']",0.7,0.3,59,1,2024-11-17_10h26.54.637,实验程序1.0,2024.2.4,60.04682451,2024-11-17 10h27.06.744758 +0800
65,0,65,j,0.3126086,None,,,,,65,0,65,0,327.0358321,,,,,,,,,,,,,,,,,,,,,,,,,,,,327.0286484,327.0358321,,328.1883373,327.8551417,330.3544584,j,0.3126086,None,0,image2,-28,image1,image2,"['low', 'low', 'low', 'low', 'low', 'low']",0.7,0.3,59,1,2024-11-17_10h26.54.637,实验程序1.0,2024.2.4,60.04682451,2024-11-17 10h27.06.744758 +0800
66,0,66,j,0.3275264,None,,,,,66,0,66,0,330.4073888,,,,,,,,,,,,,,,,,,,,,,,,,,,,330.400183,330.4073888,331.804934,331.804934,331.4547665,334.4462661,j,0.3275264,None,10,image1,-29,image1,image2,"['low', 'low', 'low', 'low', 'low', 'high']",0.7,0.3,59,1,2024-11-17_10h26.54.637,实验程序1.0,2024.2.4,60.04682451,2024-11-17 10h27.06.744758 +0800
67,0,67,f,0.4720955,None,,,,,67,0,67,0,334.4977252,,,,,,,,,,,,,,,,,,,,,,,,,,,,334.4901832,334.4977252,335.9716502,335.9716502,335.4717064,338.0984496,f,0.4720955,None,10,image1,-30,image1,image2,"['low', 'low', 'low', 'low', 'high', 'high']",0.7,0.3,59,1,2024-11-17_10h26.54.637,实验程序1.0,2024.2.4,60.04682451,2024-11-17 10h27.06.744758 +0800
68,0,68,j,0.3386138,None,,,,,68,0,68,0,338.1492736,,,,,,,,,,,,,,,,,,,,,,,,,,,,338.1422165,338.1492736,339.7382525,339.7382525,339.3717061,342.2968589,j,0.3386138,None,10,image1,-31,image1,image2,"['low', 'low', 'low', 'high', 'high', 'high']",0.7,0.3,59,1,2024-11-17_10h26.54.637,实验程序1.0,2024.2.4,60.04682451,2024-11-17 10h27.06.744758 +0800
69,0,69,f,0.312793,None,,,,,69,0,69,0,342.4025338,,,,,,,,,,,,,,,,,,,,,,,,,,,,342.3952346,342.4025338,343.9551071,343.9551071,343.6215928,346.5058308,f,0.312793,None,0,image1,-32,image1,image2,"['low', 'low', 'high', 'high', 'high', 'high']",0.7,0.3,59,1,2024-11-17_10h26.54.637,实验程序1.0,2024.2.4,60.04682451,2024-11-17 10h27.06.744758 +0800
70,0,70,f,0.5293174,None,,,,,70,0,70,0,346.5527433,,,,,,,,,,,,,,,,,,,,,,,,,,,,346.5454922,346.5527433,347.955119,347.955119,347.4050011,350.2269679,f,0.5293174,None,0,image1,4,image2,image1,[],0.3,0.7,59,1,2024-11-17_10h26.54.637,实验程序1.0,2024.2.4,60.04682451,2024-11-17 10h27.06.744758 +0800
71,0,71,f,0.3787499,None,,,,,71,0,71,0,350.2784905,,,,,,,,,,,,,,,,,,,,,,,,,,,,350.2714586,350.2784905,352.1716138,352.1716138,351.7717391,354.1318224,f,0.3787499,None,10,image1,3,image2,image1,['low'],0.3,0.7,59,1,2024-11-17_10h26.54.637,实验程序1.0,2024.2.4,60.04682451,2024-11-17 10h27.06.744758 +0800
72,0,72,f,0.6227866,None,,,,,72,0,72,0,354.1843909,,,,,,,,,,,,,,,,,,,,,,,,,,,,354.1769894,354.1843909,355.9383968,355.9383968,355.2882505,358.6062425,f,0.6227866,None,0,image1,2,image2,image1,"['low', 'low']",0.3,0.7,59,1,2024-11-17_10h26.54.637,实验程序1.0,2024.2.4,60.04682451,2024-11-17 10h27.06.744758 +0800
73,0,73,j,0.432392,None,,,,,73,0,73,0,358.6587908,,,,,,,,,,,,,,,,,,,,,,,,,,,,358.6516799,358.6587908,360.1051643,360.1051643,359.6551368,362.3859186,j,0.432392,None,0,image2,1,image2,image1,"['low', 'low', 'high']",0.3,0.7,59,1,2024-11-17_10h26.54.637,实验程序1.0,2024.2.4,60.04682451,2024-11-17 10h27.06.744758 +0800
74,0,74,f,0.3700597,None,,,,,74,0,74,0,362.4847801,,,,,,,,,,,,,,,,,,,,,,,,,,,,362.4776323,362.4847801,364.4051076,364.4051076,364.005102,366.4911071,f,0.3700597,None,10,image2,0,image2,image1,"['low', 'low', 'high', 'high']",0.3,0.7,59,1,2024-11-17_10h26.54.637,实验程序1.0,2024.2.4,60.04682451,2024-11-17 10h27.06.744758 +0800
75,0,75,f,0.3953146,None,,,,,75,0,75,0,366.5431302,,,,,,,,,,,,,,,,,,,,,,,,,,,,366.5360252,366.5431302,368.6049399,368.6049399,368.1886131,371.1884442,f,0.3953146,None,10,image2,-1,image2,image1,"['low', 'low', 'high', 'high', 'high']",0.3,0.7,59,1,2024-11-17_10h26.54.637,实验程序1.0,2024.2.4,60.04682451,2024-11-17 10h27.06.744758 +0800
76,0,76,f,0.3801155,None,,,,,76,0,76,0,371.2403675,,,,,,,,,,,,,,,,,,,,,,,,,,,,371.2325712,371.2403675,372.5384021,372.5384021,372.1385847,375.0195544,f,0.3801155,None,10,image2,-2,image2,image1,"['low', 'low', 'high', 'high', 'high', 'high']",0.3,0.7,59,1,2024-11-17_10h26.54.637,实验程序1.0,2024.2.4,60.04682451,2024-11-17 10h27.06.744758 +0800
77,0,77,f,0.3234316,None,,,,,77,0,77,0,375.0642015,,,,,,,,,,,,,,,,,,,,,,,,,,,,375.0572224,375.0642015,,376.3052845,375.9551294,377.9132259,f,0.3234316,None,10,image2,7,image1,image2,[],0.7,0.3,59,1,2024-11-17_10h26.54.637,实验程序1.0,2024.2.4,60.04682451,2024-11-17 10h27.06.744758 +0800
78,0,78,f,0.3450286,None,,,,,78,0,78,0,378.0189831,,,,,,,,,,,,,,,,,,,,,,,,,,,,378.0117268,378.0189831,380.2052531,380.2052531,379.8383885,382.9316707,f,0.3450286,None,0,image1,6,image1,image2,['high'],0.7,0.3,59,1,2024-11-17_10h26.54.637,实验程序1.0,2024.2.4,60.04682451,2024-11-17 10h27.06.744758 +0800
79,0,79,f,0.3244662,None,,,,,79,0,79,0,382.984056,,,,,,,,,,,,,,,,,,,,,,,,,,,,382.9766886,382.984056,385.1051217,385.1051217,384.7550287,387.2141924,f,0.3244662,None,10,image2,5,image1,image2,"['high', 'low']",0.7,0.3,59,1,2024-11-17_10h26.54.637,实验程序1.0,2024.2.4,60.04682451,2024-11-17 10h27.06.744758 +0800
80,0,80,f,0.8642899,None,,,,,80,0,80,0,387.265881,,,,,,,,,,,,,,,,,,,,,,,,,,,,387.2587526,387.265881,389.5383589,389.5383589,388.6550699,391.0218658,f,0.8642899,None,10,image2,4,image1,image2,"['high', 'low', 'low']",0.7,0.3,59,1,2024-11-17_10h26.54.637,实验程序1.0,2024.2.4,60.04682451,2024-11-17 10h27.06.744758 +0800
81,0,81,f,0.4591515,None,,,,,81,0,81,0,391.0733895,,,,,,,,,,,,,,,,,,,,,,,,,,,,391.0663936,391.0733895,392.4720407,392.4720407,391.9884494,394.81932,f,0.4591515,None,10,image2,3,image1,image2,"['high', 'low', 'low', 'low']",0.7,0.3,59,1,2024-11-17_10h26.54.637,实验程序1.0,2024.2.4,60.04682451,2024-11-17 10h27.06.744758 +0800
82,0,82,f,0.4876229,None,,,,,82,0,82,0,394.8646945,,,,,,,,,,,,,,,,,,,,,,,,,,,,394.8575507,394.8646945,396.9883785,396.9883785,396.4718595,399.8067236,f,0.4876229,None,10,image2,2,image1,image2,"['high', 'low', 'low', 'low', 'low']",0.7,0.3,59,1,2024-11-17_10h26.54.637,实验程序1.0,2024.2.4,60.04682451,2024-11-17 10h27.06.744758 +0800
83,0,83,j,0.3575362,None,,,,,83,0,83,0,399.9138471,,,,,,,,,,,,,,,,,,,,,,,,,,,,399.9068331,399.9138471,,400.9218192,400.5383959,403.7629274,j,0.3575362,None,10,image2,1,image1,image2,"['high', 'low', 'low', 'low', 'low', 'low']",0.7,0.3,59,1,2024-11-17_10h26.54.637,实验程序1.0,2024.2.4,60.04682451,2024-11-17 10h27.06.744758 +0800
84,0,84,f,0.3703528,None,,,,,84,0,84,0,403.8138791,,,,,,,,,,,,,,,,,,,,,,,,,,,,403.8067353,403.8138791,,405.0051753,404.6050959,406.5246158,f,0.3703528,None,0,image2,0,image1,image2,"['low', 'low', 'low', 'low', 'low', 'low']",0.7,0.3,59,1,2024-11-17_10h26.54.637,实验程序1.0,2024.2.4,60.04682451,2024-11-17 10h27.06.744758 +0800
85,0,85,j,0.3886315,None,,,,,85,0,85,0,406.5753054,,,,,,,,,,,,,,,,,,,,,,,,,,,,406.5681254,406.5753054,407.955059,407.955059,407.5385291,410.6453434,j,0.3886315,None,10,image2,-1,image1,image2,"['low', 'low', 'low', 'low', 'low', 'low']",0.7,0.3,59,1,2024-11-17_10h26.54.637,实验程序1.0,2024.2.4,60.04682451,2024-11-17 10h27.06.744758 +0800
86,0,86,j,0.4888326,None,,,,,86,0,86,0,410.6933046,,,,,,,,,,,,,,,,,,,,,,,,,,,,410.6861249,410.6933046,412.9717735,412.9717735,412.4551572,414.9401004,j,0.4888326,None,0,image2,-2,image1,image2,"['low', 'low', 'low', 'low', 'low', 'low']",0.7,0.3,59,1,2024-11-17_10h26.54.637,实验程序1.0,2024.2.4,60.04682451,2024-11-17 10h27.06.744758 +0800
87,0,87,j,0.3725112,None,,,,,87,0,87,0,415.042332,,,,,,,,,,,,,,,,,,,,,,,,,,,,415.0351893,415.042332,417.3719063,417.3719063,416.9718456,420.1049271,j,0.3725112,None,0,image2,-3,image1,image2,"['low', 'low', 'low', 'low', 'low', 'low']",0.7,0.3,59,1,2024-11-17_10h26.54.637,实验程序1.0,2024.2.4,60.04682451,2024-11-17 10h27.06.744758 +0800
88,0,88,f,0.5683802,None,,,,,88,0,88,0,420.1588011,,,,,,,,,,,,,,,,,,,,,,,,,,,,420.151645,420.1588011,421.4384252,421.4384252,420.8384519,423.4530475,f,0.5683802,None,10,image1,-4,image1,image2,"['low', 'low', 'low', 'low', 'low', 'high']",0.7,0.3,59,1,2024-11-17_10h26.54.637,实验程序1.0,2024.2.4,60.04682451,2024-11-17 10h27.06.744758 +0800
89,0,89,j,0.3517994,None,,,,,89,0,89,0,423.4987595,,,,,,,,,,,,,,,,,,,,,,,,,,,,423.4916406,423.4987595,425.8219806,425.8219806,425.438435,428.4028564,j,0.3517994,None,0,image2,-5,image1,image2,"['low', 'low', 'low', 'low', 'high', 'low']",0.7,0.3,59,1,2024-11-17_10h26.54.637,实验程序1.0,2024.2.4,60.04682451,2024-11-17 10h27.06.744758 +0800
90,0,90,j,0.5884089,None,,,,,90,0,90,0,428.4474277,,,,,,,,,,,,,,,,,,,,,,,,,,,,428.4401009,428.4474277,430.5385878,430.5385878,429.9218779,433.2292912,j,0.5884089,None,10,image1,-6,image1,image2,"['low', 'low', 'low', 'high', 'low', 'high']",0.7,0.3,59,1,2024-11-17_10h26.54.637,实验程序1.0,2024.2.4,60.04682451,2024-11-17 10h27.06.744758 +0800
91,0,91,j,0.4303903,None,,,,,91,0,91,0,433.2798843,,,,,,,,,,,,,,,,,,,,,,,,,,,,433.2727221,433.2798843,434.9386039,434.9386039,434.4885378,437.5447594,j,0.4303903,None,10,image1,-7,image1,image2,"['low', 'low', 'high', 'low', 'high', 'high']",0.7,0.3,59,1,2024-11-17_10h26.54.637,实验程序1.0,2024.2.4,60.04682451,2024-11-17 10h27.06.744758 +0800
92,0,92,f,0.5686406,None,,,,,92,0,92,0,437.6516437,,,,,,,,,,,,,,,,,,,,,,,,,,,,437.6442627,437.6516437,439.6386148,439.6386148,439.0385065,442.2177303,f,0.5686406,None,10,image1,-8,image1,image2,"['low', 'high', 'low', 'high', 'high', 'high']",0.7,0.3,59,1,2024-11-17_10h26.54.637,实验程序1.0,2024.2.4,60.04682451,2024-11-17 10h27.06.744758 +0800
93,0,93,f,0.3606295,None,,,,,93,0,93,0,442.2624487,,,,,,,,,,,,,,,,,,,,,,,,,,,,442.2554158,442.2624487,444.038537,444.038537,443.6552802,446.1511952,f,0.3606295,None,0,image1,7,image2,image1,[],0.3,0.7,59,1,2024-11-17_10h26.54.637,实验程序1.0,2024.2.4,60.04682451,2024-11-17 10h27.06.744758 +0800
94,0,94,f,0.3734647,None,,,,,94,0,94,0,446.2047099,,,,,,,,,,,,,,,,,,,,,,,,,,,,446.1974557,446.2047099,447.7219722,447.7219722,447.3219505,449.7286619,f,0.3734647,None,10,image1,6,image2,image1,['low'],0.3,0.7,59,1,2024-11-17_10h26.54.637,实验程序1.0,2024.2.4,60.04682451,2024-11-17 10h27.06.744758 +0800
95,0,95,f,0.4675771,None,,,,,95,0,95,0,449.7792204,,,,,,,,,,,,,,,,,,,,,,,,,,,,449.7721824,449.7792204,451.6553182,451.6553182,451.1553953,453.2722637,f,0.4675771,None,0,image1,5,image2,image1,"['low', 'low']",0.3,0.7,59,1,2024-11-17_10h26.54.637,实验程序1.0,2024.2.4,60.04682451,2024-11-17 10h27.06.744758 +0800
96,0,96,j,0.3991649,None,,,,,96,0,96,0,453.3720871,,,,,,,,,,,,,,,,,,,,,,,,,,,,453.3650942,453.3720871,455.2721515,455.2721515,454.8552119,457.7401989,j,0.3991649,None,0,image1,4,image2,image1,"['low', 'low', 'low']",0.3,0.7,59,1,2024-11-17_10h26.54.637,实验程序1.0,2024.2.4,60.04682451,2024-11-17 10h27.06.744758 +0800
97,0,97,f,0.3822225,None,,,,,97,0,97,0,457.7910449,,,,,,,,,,,,,,,,,,,,,,,,,,,,457.7839643,457.7910449,459.4886672,459.4886672,459.0886274,461.0349778,f,0.3822225,None,0,image1,3,image2,image1,"['low', 'low', 'low', 'low']",0.3,0.7,59,1,2024-11-17_10h26.54.637,实验程序1.0,2024.2.4,60.04682451,2024-11-17 10h27.06.744758 +0800
98,0,98,j,0.3260153,None,,,,,98,0,98,0,461.0853666,,,,,,,,,,,,,,,,,,,,,,,,,,,,461.078095,461.0853666,,462.2552513,461.9052891,463.7428534,j,0.3260153,None,0,image1,2,image2,image1,"['low', 'low', 'low', 'low', 'low']",0.3,0.7,59,1,2024-11-17_10h26.54.637,实验程序1.0,2024.2.4,60.04682451,2024-11-17 10h27.06.744758 +0800
99,0,99,f,0.4324128,None,,,,,99,0,99,0,463.7971952,,,,,,,,,,,,,,,,,,,,,,,,,,,,463.7901048,463.7971952,466.2720933,466.2720933,465.8219929,467.7529761,f,0.4324128,None,0,image2,1,image2,image1,"['low', 'low', 'low', 'low', 'low', 'high']",0.3,0.7,59,1,2024-11-17_10h26.54.637,实验程序1.0,2024.2.4,60.04682451,2024-11-17 10h27.06.744758 +0800
100,0,100,f,0.4996621,None,,,,,100,0,100,0,467.7984605,,,,,,,,,,,,,,,,,,,,,,,,,,,,467.7914621,467.7984605,469.0719081,469.0719081,468.5552414,470.8416168,f,0.4996621,None,0,image1,0,image2,image1,"['low', 'low', 'low', 'low', 'high', 'low']",0.3,0.7,59,1,2024-11-17_10h26.54.637,实验程序1.0,2024.2.4,60.04682451,2024-11-17 10h27.06.744758 +0800
101,0,101,f,0.2966001,None,,,,,101,0,101,0,470.9420519,,,,,,,,,,,,,,,,,,,,,,,,,,,,470.9349531,470.9420519,472.755247,472.755247,472.4386609,475.7086821,f,0.2966001,None,10,image1,-1,image2,image1,"['low', 'low', 'low', 'high', 'low', 'low']",0.3,0.7,59,1,2024-11-17_10h26.54.637,实验程序1.0,2024.2.4,60.04682451,2024-11-17 10h27.06.744758 +0800
102,0,102,j,0.5210994,None,,,,,102,0,102,0,475.7594189,,,,,,,,,,,,,,,,,,,,,,,,,,,,475.7523772,475.7594189,477.1719658,477.1719658,476.62195,478.879318,j,0.5210994,None,0,image1,-2,image2,image1,"['low', 'low', 'high', 'low', 'low', 'low']",0.3,0.7,59,1,2024-11-17_10h26.54.637,实验程序1.0,2024.2.4,60.04682451,2024-11-17 10h27.06.744758 +0800
103,0,103,f,0.7605275,None,,,,,103,0,103,0,478.931254,,,,,,,,,,,,,,,,,,,,,,,,,,,,478.9241622,478.931254,480.822011,480.822011,480.0385858,482.4421769,f,0.7605275,None,0,image1,-3,image2,image1,"['low', 'high', 'low', 'low', 'low', 'low']",0.3,0.7,59,1,2024-11-17_10h26.54.637,实验程序1.0,2024.2.4,60.04682451,2024-11-17 10h27.06.744758 +0800
104,0,104,f,0.5866144,None,,,,,104,0,104,0,482.4954179,,,,,,,,,,,,,,,,,,,,,,,,,,,,482.4880472,482.4954179,485.0052793,485.0052793,484.3887554,487.5597819,f,0.5866144,None,10,image1,-4,image2,image1,"['high', 'low', 'low', 'low', 'low', 'low']",0.3,0.7,59,1,2024-11-17_10h26.54.637,实验程序1.0,2024.2.4,60.04682451,2024-11-17 10h27.06.744758 +0800
105,0,105,j,0.4681242,None,,,,,105,0,105,0,487.6640026,,,,,,,,,,,,,,,,,,,,,,,,,,,,487.6570948,487.6640026,489.4553603,489.4553603,488.955428,491.9692447,j,0.4681242,None,0,image1,-5,image2,image1,"['low', 'low', 'low', 'low', 'low', 'low']",0.3,0.7,59,1,2024-11-17_10h26.54.637,实验程序1.0,2024.2.4,60.04682451,2024-11-17 10h27.06.744758 +0800
106,0,106,j,0.5762466,None,,,,,106,0,106,0,492.0151414,,,,,,,,,,,,,,,,,,,,,,,,,,,,492.0080685,492.0151414,494.2554193,494.2554193,493.6556221,496.9809404,j,0.5762466,None,10,image1,-6,image2,image1,"['low', 'low', 'low', 'low', 'low', 'low']",0.3,0.7,59,1,2024-11-17_10h26.54.637,实验程序1.0,2024.2.4,60.04682451,2024-11-17 10h27.06.744758 +0800
107,0,107,j,0.3864123,None,,,,,107,0,107,0,497.025672,,,,,,,,,,,,,,,,,,,,,,,,,,,,497.0185806,497.025672,498.7887097,498.7887097,498.3721065,500.4286478,j,0.3864123,None,0,image1,-7,image2,image1,"['low', 'low', 'low', 'low', 'low', 'low']",0.3,0.7,59,1,2024-11-17_10h26.54.637,实验程序1.0,2024.2.4,60.04682451,2024-11-17 10h27.06.744758 +0800
108,0,108,f,0.3584463,None,,,,,108,0,108,0,500.4812277,,,,,,,,,,,,,,,,,,,,,,,,,,,,500.4741303,500.4812277,501.8720511,501.8720511,501.4886897,504.2171473,f,0.3584463,None,10,image1,-8,image2,image1,"['low', 'low', 'low', 'low', 'low', 'low']",0.3,0.7,59,1,2024-11-17_10h26.54.637,实验程序1.0,2024.2.4,60.04682451,2024-11-17 10h27.06.744758 +0800
109,0,109,j,0.3520156,None,,,,,109,0,109,0,504.2679135,,,,,,,,,,,,,,,,,,,,,,,,,,,,504.2606466,504.2679135,,505.4220411,505.0386923,507.5236317,j,0.3520156,None,10,image1,-9,image2,image1,"['low', 'low', 'low', 'low', 'low', 'low']",0.3,0.7,59,1,2024-11-17_10h26.54.637,实验程序1.0,2024.2.4,60.04682451,2024-11-17 10h27.06.744758 +0800
110,0,110,j,0.3636876,None,,,,,110,0,110,0,507.6298866,,,,,,,,,,,,,,,,,,,,,,,,,,,,507.6225685,507.6298866,509.7388327,509.7388327,509.3554609,512.096345,j,0.3636876,None,0,image1,-10,image2,image1,"['low', 'low', 'low', 'low', 'low', 'low']",0.3,0.7,59,1,2024-11-17_10h26.54.637,实验程序1.0,2024.2.4,60.04682451,2024-11-17 10h27.06.744758 +0800
111,0,111,j,0.4858549,None,,,,,111,0,111,0,512.1484381,,,,,,,,,,,,,,,,,,,,,,,,,,,,512.1412669,512.1484381,514.6052988,514.6052988,514.0887111,517.2775627,j,0.4858549,None,0,image1,-11,image2,image1,"['low', 'low', 'low', 'low', 'low', 'low']",0.3,0.7,59,1,2024-11-17_10h26.54.637,实验程序1.0,2024.2.4,60.04682451,2024-11-17 10h27.06.744758 +0800
112,0,112,j,0.468576,None,,,,,112,0,112,0,517.3282173,,,,,,,,,,,,,,,,,,,,,,,,,,,,517.3211622,517.3282173,519.055385,519.055385,518.5554201,521.461101,j,0.468576,None,0,image1,-12,image2,image1,"['low', 'low', 'low', 'low', 'low', 'low']",0.3,0.7,59,1,2024-11-17_10h26.54.637,实验程序1.0,2024.2.4,60.04682451,2024-11-17 10h27.06.744758 +0800
113,0,113,j,0.4570903,None,,,,,113,0,113,0,521.5132707,,,,,,,,,,,,,,,,,,,,,,,,,,,,521.5060709,521.5132707,523.3388183,523.3388183,522.8553853,525.0662205,j,0.4570903,None,10,image1,-13,image2,image1,"['low', 'low', 'low', 'low', 'low', 'low']",0.3,0.7,59,1,2024-11-17_10h26.54.637,实验程序1.0,2024.2.4,60.04682451,2024-11-17 10h27.06.744758 +0800
114,0,114,f,0.4290332,None,,,,,114,0,114,0,525.1752222,,,,,,,,,,,,,,,,,,,,,,,,,,,,525.1681563,525.1752222,526.955484,526.955484,526.5054706,528.844364,f,0.4290332,None,0,image1,-14,image2,image1,"['low', 'low', 'low', 'low', 'low', 'low']",0.3,0.7,59,1,2024-11-17_10h26.54.637,实验程序1.0,2024.2.4,60.04682451,2024-11-17 10h27.06.744758 +0800
115,0,115,f,0.3961666,None,,,,,115,0,115,0,528.8964545,,,,,,,,,,,,,,,,,,,,,,,,,,,,528.8892319,528.8964545,530.1554606,530.1554606,529.738829,532.4963444,f,0.3961666,None,10,image2,-15,image2,image1,"['low', 'low', 'low', 'low', 'low', 'high']",0.3,0.7,59,1,2024-11-17_10h26.54.637,实验程序1.0,2024.2.4,60.04682451,2024-11-17 10h27.06.744758 +0800
116,0,116,f,0.6350919,None,,,,,116,0,116,0,532.5478469,,,,,,,,,,,,,,,,,,,,,,,,,,,,532.5408741,532.5478469,534.055504,534.055504,533.3888086,536.964715,f,0.6350919,None,10,image2,-16,image2,image1,"['low', 'low', 'low', 'low', 'high', 'high']",0.3,0.7,59,1,2024-11-17_10h26.54.637,实验程序1.0,2024.2.4,60.04682451,2024-11-17 10h27.06.744758 +0800
117,0,117,f,0.3137564,None,,,,,117,0,117,0,537.0172952,,,,,,,,,,,,,,,,,,,,,,,,,,,,537.010084,537.0172952,538.3388398,538.3388398,538.0054335,539.9571836,f,0.3137564,None,0,image2,-17,image2,image1,"['low', 'low', 'low', 'high', 'high', 'high']",0.3,0.7,59,1,2024-11-17_10h26.54.637,实验程序1.0,2024.2.4,60.04682451,2024-11-17 10h27.06.744758 +0800
118,0,118,j,0.4681186,None,,,,,118,0,118,0,540.0067929,,,,,,,,,,,,,,,,,,,,,,,,,,,,539.9993846,540.0067929,541.839048,541.839048,541.3389928,544.4406743,j,0.4681186,None,10,image2,-18,image2,image1,"['low', 'low', 'high', 'high', 'high', 'high']",0.3,0.7,59,1,2024-11-17_10h26.54.637,实验程序1.0,2024.2.4,60.04682451,2024-11-17 10h27.06.744758 +0800
119,0,119,j,0.3713928,None,,,,,119,0,119,0,544.5464507,,,,,,,,,,,,,,,,,,,,,,,,,,,,544.5394164,544.5464507,546.7722257,546.7722257,546.3722418,548.4926455,j,0.3713928,None,10,image2,4,image1,image2,[],0.7,0.3,59,1,2024-11-17_10h26.54.637,实验程序1.0,2024.2.4,60.04682451,2024-11-17 10h27.06.744758 +0800
120,0,120,j,0.6278489,None,,,,,120,0,120,0,548.5376178,,,,,,,,,,,,,,,,,,,,,,,,,,,,548.5303121,548.5376178,550.822206,550.822206,550.1721355,553.7015039,j,0.6278489,None,0,image2,3,image1,image2,['low'],0.7,0.3,59,1,2024-11-17_10h26.54.637,实验程序1.0,2024.2.4,60.04682451,2024-11-17 10h27.06.744758 +0800
121,0,121,f,0.3262286,None,,,,,121,0,121,0,553.7531503,,,,,,,,,,,,,,,,,,,,,,,,,,,,553.7456875,553.7531503,555.4389251,555.4389251,555.0889087,557.6715258,f,0.3262286,None,10,image1,2,image1,image2,"['low', 'high']",0.7,0.3,59,1,2024-11-17_10h26.54.637,实验程序1.0,2024.2.4,60.04682451,2024-11-17 10h27.06.744758 +0800
122,0,122,f,0.5897827,None,,,,,122,0,122,0,557.7224778,,,,,,,,,,,,,,,,,,,,,,,,,,,,557.7153035,557.7224778,,558.9389202,558.3222779,560.8053353,f,0.5897827,None,10,image1,1,image1,image2,"['low', 'high', 'high']",0.7,0.3,59,1,2024-11-17_10h26.54.637,实验程序1.0,2024.2.4,60.04682451,2024-11-17 10h27.06.744758 +0800
123,0,123,f,0.5017289,None,,,,,123,0,123,0,560.9061408,,,,,,,,,,,,,,,,,,,,,,,,,,,,560.8987556,560.9061408,,562.0556339,561.522187,563.7549569,f,0.5017289,None,10,image1,0,image1,image2,"['low', 'high', 'high', 'high']",0.7,0.3,59,1,2024-11-17_10h26.54.637,实验程序1.0,2024.2.4,60.04682451,2024-11-17 10h27.06.744758 +0800
124,0,124,j,0.3524783,None,,,,,124,0,124,0,563.800327,,,,,,,,,,,,,,,,,,,,,,,,,,,,563.7930686,563.800327,,564.8222221,564.4388391,567.2314618,j,0.3524783,None,10,image1,-1,image1,image2,"['low', 'high', 'high', 'high', 'high']",0.7,0.3,59,1,2024-11-17_10h26.54.637,实验程序1.0,2024.2.4,60.04682451,2024-11-17 10h27.06.744758 +0800
125,0,125,f,0.3511232,None,,,,,125,0,125,0,567.2767581,,,,,,,,,,,,,,,,,,,,,,,,,,,,567.2697982,567.2767581,,568.2389194,567.8554165,570.476374,f,0.3511232,None,10,image1,8,image2,image1,[],0.3,0.7,59,1,2024-11-17_10h26.54.637,实验程序1.0,2024.2.4,60.04682451,2024-11-17 10h27.06.744758 +0800
126,0,126,j,0.751901,None,,,,,126,0,126,0,570.5217531,,,,,,,,,,,,,,,,,,,,,,,,,,,,570.5146823,570.5217531,571.8389125,571.8389125,571.0555346,573.6400399,j,0.751901,None,10,image1,7,image2,image1,['low'],0.3,0.7,59,1,2024-11-17_10h26.54.637,实验程序1.0,2024.2.4,60.04682451,2024-11-17 10h27.06.744758 +0800
127,0,127,f,0.4682123,None,,,,,127,0,127,0,573.6899261,,,,,,,,,,,,,,,,,,,,,,,,,,,,573.6827129,573.6899261,,574.8556117,574.3554814,577.5450875,f,0.4682123,None,10,image1,6,image2,image1,"['low', 'low']",0.3,0.7,59,1,2024-11-17_10h26.54.637,实验程序1.0,2024.2.4,60.04682451,2024-11-17 10h27.06.744758 +0800
128,0,128,f,0.4423038,None,,,,,128,0,128,0,577.6518208,,,,,,,,,,,,,,,,,,,,,,,,,,,,577.6445359,577.6518208,579.2389211,579.2389211,578.7723094,581.1299438,f,0.4423038,None,10,image1,5,image2,image1,"['low', 'low', 'low']",0.3,0.7,59,1,2024-11-17_10h26.54.637,实验程序1.0,2024.2.4,60.04682451,2024-11-17 10h27.06.744758 +0800
129,0,129,j,0.4401797,None,,,,,129,0,129,0,581.1832906,,,,,,,,,,,,,,,,,,,,,,,,,,,,581.1760089,581.1832906,583.6889289,583.6889289,583.2223789,586.121456,j,0.4401797,None,10,image1,4,image2,image1,"['low', 'low', 'low', 'low']",0.3,0.7,59,1,2024-11-17_10h26.54.637,实验程序1.0,2024.2.4,60.04682451,2024-11-17 10h27.06.744758 +0800
130,0,130,j,0.3851676,None,,,,,130,0,130,0,586.1747677,,,,,,,,,,,,,,,,,,,,,,,,,,,,586.1674069,586.1747677,588.2222937,588.2222937,587.8056656,590.1582599,j,0.3851676,None,0,image1,3,image2,image1,"['low', 'low', 'low', 'low', 'low']",0.3,0.7,59,1,2024-11-17_10h26.54.637,实验程序1.0,2024.2.4,60.04682451,2024-11-17 10h27.06.744758 +0800
131,0,131,j,0.4022175,None,,,,,131,0,131,0,590.210488,,,,,,,,,,,,,,,,,,,,,,,,,,,,590.2033031,590.210488,591.8056388,591.8056388,591.3723301,594.3891936,j,0.4022175,None,10,image2,2,image2,image1,"['low', 'low', 'low', 'low', 'low', 'high']",0.3,0.7,59,1,2024-11-17_10h26.54.637,实验程序1.0,2024.2.4,60.04682451,2024-11-17 10h27.06.744758 +0800
132,0,132,f,0.44054,None,,,,,132,0,132,0,594.4982863,,,,,,,,,,,,,,,,,,,,,,,,,,,,594.4912396,594.4982863,596.9055654,596.9055654,596.4389809,599.5453523,f,0.44054,None,10,image2,1,image2,image1,"['low', 'low', 'low', 'low', 'high', 'high']",0.3,0.7,59,1,2024-11-17_10h26.54.637,实验程序1.0,2024.2.4,60.04682451,2024-11-17 10h27.06.744758 +0800
133,0,133,f,0.2898647,None,,,,,133,0,133,0,599.5910884,,,,,,,,,,,,,,,,,,,,,,,,,,,,599.5837779,599.5910884,601.5223087,601.5223087,601.2055893,603.3362212,f,0.2898647,None,10,image2,0,image2,image1,"['low', 'low', 'low', 'high', 'high', 'high']",0.3,0.7,59,1,2024-11-17_10h26.54.637,实验程序1.0,2024.2.4,60.04682451,2024-11-17 10h27.06.744758 +0800
134,0,134,j,0.6000617,None,,,,,134,0,134,0,603.3813527,,,,,,,,,,,,,,,,,,,,,,,,,,,,603.3742583,603.3813527,604.6557185,604.6557185,604.0388971,606.8496556,j,0.6000617,None,10,image2,-1,image2,image1,"['low', 'low', 'high', 'high', 'high', 'high']",0.3,0.7,59,1,2024-11-17_10h26.54.637,实验程序1.0,2024.2.4,60.04682451,2024-11-17 10h27.06.744758 +0800
135,0,135,f,0.3589836,None,,,,,135,0,135,0,606.8949858,,,,,,,,,,,,,,,,,,,,,,,,,,,,606.8877234,606.8949858,608.4722563,608.4722563,608.0889653,610.9552101,f,0.3589836,None,10,image2,12,image1,image2,[],0.7,0.3,59,1,2024-11-17_10h26.54.637,实验程序1.0,2024.2.4,60.04682451,2024-11-17 10h27.06.744758 +0800
136,0,136,f,0.5260318,None,,,,,136,0,136,0,611.0074179,,,,,,,,,,,,,,,,,,,,,,,,,,,,611.0003906,611.0074179,613.4389938,613.4389938,612.8891387,615.4113648,f,0.5260318,None,10,image2,11,image1,image2,['low'],0.7,0.3,59,1,2024-11-17_10h26.54.637,实验程序1.0,2024.2.4,60.04682451,2024-11-17 10h27.06.744758 +0800
137,0,137,f,0.4580878,None,,,,,137,0,137,0,615.5165519,,,,,,,,,,,,,,,,,,,,,,,,,,,,615.509529,615.5165519,617.6889711,617.6889711,617.2057714,619.500649,f,0.4580878,None,0,image2,10,image1,image2,"['low', 'low']",0.7,0.3,59,1,2024-11-17_10h26.54.637,实验程序1.0,2024.2.4,60.04682451,2024-11-17 10h27.06.744758 +0800
138,0,138,j,0.4120182,None,,,,,138,0,138,0,619.5547823,,,,,,,,,,,,,,,,,,,,,,,,,,,,619.5473981,619.5547823,620.9891825,620.9891825,620.5557239,623.4587389,j,0.4120182,None,0,image2,9,image1,image2,"['low', 'low', 'low']",0.7,0.3,59,1,2024-11-17_10h26.54.637,实验程序1.0,2024.2.4,60.04682451,2024-11-17 10h27.06.744758 +0800
139,0,139,f,0.3956857,None,,,,,139,0,139,0,623.5109885,,,,,,,,,,,,,,,,,,,,,,,,,,,,623.5038613,623.5109885,625.3557166,625.3557166,624.9390594,626.8682835,f,0.3956857,None,0,image2,8,image1,image2,"['low', 'low', 'low', 'low']",0.7,0.3,59,1,2024-11-17_10h26.54.637,实验程序1.0,2024.2.4,60.04682451,2024-11-17 10h27.06.744758 +0800
140,0,140,f,0.5508409,None,,,,,140,0,140,0,626.9217195,,,,,,,,,,,,,,,,,,,,,,,,,,,,626.9142658,626.9217195,,628.0723036,627.4892485,629.7161078,f,0.5508409,None,0,image2,7,image1,image2,"['low', 'low', 'low', 'low', 'low']",0.7,0.3,59,1,2024-11-17_10h26.54.637,实验程序1.0,2024.2.4,60.04682451,2024-11-17 10h27.06.744758 +0800
141,0,141,j,0.3812157,None,,,,,141,0,141,0,629.8230775,,,,,,,,,,,,,,,,,,,,,,,,,,,,629.8160571,629.8230775,632.1056802,632.1056802,631.7056169,634.7383118,j,0.3812157,None,10,image1,6,image1,image2,"['low', 'low', 'low', 'low', 'low', 'high']",0.7,0.3,59,1,2024-11-17_10h26.54.637,实验程序1.0,2024.2.4,60.04682451,2024-11-17 10h27.06.744758 +0800
142,0,142,j,0.3681377,None,,,,,142,0,142,0,634.7885748,,,,,,,,,,,,,,,,,,,,,,,,,,,,634.7813129,634.7885748,,635.8556618,635.4557681,638.3866946,j,0.3681377,None,0,image1,5,image1,image2,"['low', 'low', 'low', 'low', 'high', 'high']",0.7,0.3,59,1,2024-11-17_10h26.54.637,实验程序1.0,2024.2.4,60.04682451,2024-11-17 10h27.06.744758 +0800
143,0,143,f,0.4126479,None,,,,,143,0,143,0,638.4319896,,,,,,,,,,,,,,,,,,,,,,,,,,,,638.4249542,638.4319896,640.789096,640.789096,640.3557049,643.0156991,f,0.4126479,None,0,image2,4,image1,image2,"['low', 'low', 'low', 'high', 'high', 'low']",0.7,0.3,59,1,2024-11-17_10h26.54.637,实验程序1.0,2024.2.4,60.04682451,2024-11-17 10h27.06.744758 +0800
144,0,144,f,1.6808111,None,,,,,144,0,144,0,643.060209,,,,,,,,,,,,,,,,,,,,,,,,,,,,643.0530622,643.060209,645.5391203,645.5391203,643.8390942,647.130195,f,1.6808111,None,10,image1,3,image1,image2,"['low', 'low', 'high', 'high', 'low', 'high']",0.7,0.3,59,1,2024-11-17_10h26.54.637,实验程序1.0,2024.2.4,60.04682451,2024-11-17 10h27.06.744758 +0800
145,0,145,f,0.7927526,None,,,,,145,0,145,0,647.1846093,,,,,,,,,,,,,,,,,,,,,,,,,,,,647.1772458,647.1846093,648.6390442,648.6390442,647.8224852,651.2506018,f,0.7927526,None,10,image2,2,image1,image2,"['low', 'high', 'high', 'low', 'high', 'low']",0.7,0.3,59,1,2024-11-17_10h26.54.637,实验程序1.0,2024.2.4,60.04682451,2024-11-17 10h27.06.744758 +0800
146,0,146,f,0.3829803,None,,,,,146,0,146,0,651.3541092,,,,,,,,,,,,,,,,,,,,,,,,,,,,651.3466796,651.3541092,653.4723453,653.4723453,653.0723771,655.7925507,f,0.3829803,None,10,image2,1,image1,image2,"['high', 'high', 'low', 'high', 'low', 'low']",0.7,0.3,59,1,2024-11-17_10h26.54.637,实验程序1.0,2024.2.4,60.04682451,2024-11-17 10h27.06.744758 +0800
147,0,147,f,0.5274316,None,,,,,147,0,147,0,655.8441512,,,,,,,,,,,,,,,,,,,,,,,,,,,,655.8370004,655.8441512,,657.022448,656.472463,659.711453,f,0.5274316,None,0,image2,0,image1,image2,"['high', 'low', 'high', 'low', 'low', 'low']",0.7,0.3,59,1,2024-11-17_10h26.54.637,实验程序1.0,2024.2.4,60.04682451,2024-11-17 10h27.06.744758 +0800
148,0,148,j,0.4638483,None,,,,,148,0,148,0,659.7623078,,,,,,,,,,,,,,,,,,,,,,,,,,,,659.755231,659.7623078,662.1391673,662.1391673,661.6556901,663.9681827,j,0.4638483,None,0,image2,-1,image1,image2,"['low', 'high', 'low', 'low', 'low', 'low']",0.7,0.3,59,1,2024-11-17_10h26.54.637,实验程序1.0,2024.2.4,60.04682451,2024-11-17 10h27.06.744758 +0800
149,0,149,j,0.524025,None,,,,,149,0,149,0,664.0196305,,,,,,,,,,,,,,,,,,,,,,,,,,,,664.0122222,664.0196305,666.3057175,666.3057175,665.7557376,668.5400279,j,0.524025,None,10,image1,-2,image1,image2,"['high', 'low', 'low', 'low', 'low', 'high']",0.7,0.3,59,1,2024-11-17_10h26.54.637,实验程序1.0,2024.2.4,60.04682451,2024-11-17 10h27.06.744758 +0800
150,0,150,f,0.3510526,None,,,,,150,0,150,0,668.5898924,,,,,,,,,,,,,,,,,,,,,,,,,,,,668.5826114,668.5898924,,669.6724937,669.2890689,671.5125298,f,0.3510526,None,0,image1,-3,image1,image2,"['low', 'low', 'low', 'low', 'high', 'high']",0.7,0.3,59,1,2024-11-17_10h26.54.637,实验程序1.0,2024.2.4,60.04682451,2024-11-17 10h27.06.744758 +0800
151,0,151,j,0.3997074,None,,,,,151,0,151,0,671.6182478,,,,,,,,,,,,,,,,,,,,,,,,,,,,671.6108317,671.6182478,674.0724011,674.0724011,673.6557802,675.745095,j,0.3997074,None,10,image1,-4,image1,image2,"['low', 'low', 'low', 'high', 'high', 'high']",0.7,0.3,59,1,2024-11-17_10h26.54.637,实验程序1.0,2024.2.4,60.04682451,2024-11-17 10h27.06.744758 +0800
152,0,152,f,0.6217498,None,,,,,152,0,152,0,675.7894221,,,,,,,,,,,,,,,,,,,,,,,,,,,,675.7821524,675.7894221,677.7559933,677.7559933,677.1057908,680.471647,f,0.6217498,None,0,image1,-5,image1,image2,"['low', 'low', 'high', 'high', 'high', 'high']",0.7,0.3,59,1,2024-11-17_10h26.54.637,实验程序1.0,2024.2.4,60.04682451,2024-11-17 10h27.06.744758 +0800
153,0,153,j,0.4969219,None,,,,,153,0,153,0,680.522189,,,,,,,,,,,,,,,,,,,,,,,,,,,,680.5148811,680.522189,,681.7391533,681.222523,683.8132425,j,0.4969219,None,0,image2,-6,image1,image2,"['low', 'high', 'high', 'high', 'high', 'low']",0.7,0.3,59,1,2024-11-17_10h26.54.637,实验程序1.0,2024.2.4,60.04682451,2024-11-17 10h27.06.744758 +0800
154,0,154,f,0.4487553,None,,,,,154,0,154,0,683.8628082,,,,,,,,,,,,,,,,,,,,,,,,,,,,683.8558295,683.8628082,686.3058508,686.3058508,685.8392903,688.4587245,f,0.4487553,None,0,image2,-7,image1,image2,"['high', 'high', 'high', 'high', 'low', 'low']",0.7,0.3,59,1,2024-11-17_10h26.54.637,实验程序1.0,2024.2.4,60.04682451,2024-11-17 10h27.06.744758 +0800
155,0,155,f,0.6425835,None,,,,,155,0,155,0,688.5701518,,,,,,,,,,,,,,,,,,,,,,,,,,,,688.5629675,688.5701518,690.0557817,690.0557817,689.3891609,692.1465407,f,0.6425835,None,0,image1,-8,image1,image2,"['high', 'high', 'high', 'low', 'low', 'high']",0.7,0.3,59,1,2024-11-17_10h26.54.637,实验程序1.0,2024.2.4,60.04682451,2024-11-17 10h27.06.744758 +0800
156,0,156,j,0.5458533,None,,,,,156,0,156,0,692.1994203,,,,,,,,,,,,,,,,,,,,,,,,,,,,692.1923642,692.1994203,693.955879,693.955879,693.3891992,695.475549,j,0.5458533,None,0,image1,-9,image1,image2,"['high', 'high', 'low', 'low', 'high', 'high']",0.7,0.3,59,1,2024-11-17_10h26.54.637,实验程序1.0,2024.2.4,60.04682451,2024-11-17 10h27.06.744758 +0800
157,0,157,f,0.7346037,None,,,,,157,0,157,0,695.5255439,,,,,,,,,,,,,,,,,,,,,,,,,,,,695.5184633,695.5255439,697.0558927,697.0558927,696.2892779,699.6058371,f,0.7346037,None,0,image1,-10,image1,image2,"['high', 'low', 'low', 'high', 'high', 'high']",0.7,0.3,59,1,2024-11-17_10h26.54.637,实验程序1.0,2024.2.4,60.04682451,2024-11-17 10h27.06.744758 +0800
158,0,158,f,0.2957867,None,,,,,158,0,158,0,699.6521352,,,,,,,,,,,,,,,,,,,,,,,,,,,,699.6445419,699.6521352,700.9559014,700.9559014,700.6391151,703.5824162,f,0.2957867,None,10,image1,-11,image1,image2,"['low', 'low', 'high', 'high', 'high', 'high']",0.7,0.3,59,1,2024-11-17_10h26.54.637,实验程序1.0,2024.2.4,60.04682451,2024-11-17 10h27.06.744758 +0800
159,0,159,f,0.4248756,None,,,,,159,0,159,0,703.6273879,,,,,,,,,,,,,,,,,,,,,,,,,,,,703.6202855,703.6273879,705.8725068,705.8725068,705.4227508,708.2129655,f,0.4248756,None,0,image1,5,image2,image1,[],0.3,0.7,59,1,2024-11-17_10h26.54.637,实验程序1.0,2024.2.4,60.04682451,2024-11-17 10h27.06.744758 +0800
160,0,160,j,0.9025268,None,,,,,160,0,160,0,708.3241156,,,,,,,,,,,,,,,,,,,,,,,,,,,,708.3167001,708.3241156,710.2059546,710.2059546,709.2725376,712.8175226,j,0.9025268,None,10,image1,4,image2,image1,['low'],0.3,0.7,59,1,2024-11-17_10h26.54.637,实验程序1.0,2024.2.4,60.04682451,2024-11-17 10h27.06.744758 +0800
161,0,161,f,0.2681499,None,,,,,161,0,161,0,712.8692161,,,,,,,,,,,,,,,,,,,,,,,,,,,,712.8621389,712.8692161,714.8558871,714.8558871,714.5559131,716.590923,f,0.2681499,None,0,image1,3,image2,image1,"['low', 'low']",0.3,0.7,59,1,2024-11-17_10h26.54.637,实验程序1.0,2024.2.4,60.04682451,2024-11-17 10h27.06.744758 +0800
162,0,162,j,0.3418016,None,,,,,162,0,162,0,716.6432686,,,,,,,,,,,,,,,,,,,,,,,,,,,,716.6359857,716.6432686,718.0725773,718.0725773,717.7059022,720.6262294,j,0.3418016,None,0,image1,2,image2,image1,"['low', 'low', 'low']",0.3,0.7,59,1,2024-11-17_10h26.54.637,实验程序1.0,2024.2.4,60.04682451,2024-11-17 10h27.06.744758 +0800
163,0,163,j,0.4630185,None,,,,,163,0,163,0,720.6787139,,,,,,,,,,,,,,,,,,,,,,,,,,,,720.6716189,720.6787139,722.9727743,722.9727743,722.4892098,725.8599737,j,0.4630185,None,10,image1,1,image2,image1,"['low', 'low', 'low', 'low']",0.3,0.7,59,1,2024-11-17_10h26.54.637,实验程序1.0,2024.2.4,60.04682451,2024-11-17 10h27.06.744758 +0800
164,0,164,j,0.360147,None,,,,,164,0,164,0,725.9714059,,,,,,,,,,,,,,,,,,,,,,,,,,,,725.9641267,725.9714059,727.8393616,727.8393616,727.4559546,730.7407338,j,0.360147,None,10,image1,0,image2,image1,"['low', 'low', 'low', 'low', 'low']",0.3,0.7,59,1,2024-11-17_10h26.54.637,实验程序1.0,2024.2.4,60.04682451,2024-11-17 10h27.06.744758 +0800
165,0,165,j,0.3328081,None,,,,,165,0,165,0,730.7918201,,,,,,,,,,,,,,,,,,,,,,,,,,,,730.7846785,730.7918201,732.4726532,732.4726532,732.1226531,734.6589436,j,0.3328081,None,0,image1,-1,image2,image1,"['low', 'low', 'low', 'low', 'low', 'low']",0.3,0.7,59,1,2024-11-17_10h26.54.637,实验程序1.0,2024.2.4,60.04682451,2024-11-17 10h27.06.744758 +0800
166,0,166,f,0.462543,None,,,,,166,0,166,0,734.7036421,,,,,,,,,,,,,,,,,,,,,,,,,,,,734.6962373,734.7036421,737.1559859,737.1559859,736.6725601,738.8429259,f,0.462543,None,0,image1,-2,image2,image1,"['low', 'low', 'low', 'low', 'low', 'low']",0.3,0.7,59,1,2024-11-17_10h26.54.637,实验程序1.0,2024.2.4,60.04682451,2024-11-17 10h27.06.744758 +0800
167,0,167,f,0.4660259,None,,,,,167,0,167,0,738.893386,,,,,,,,,,,,,,,,,,,,,,,,,,,,738.8862959,738.893386,740.2725868,740.2725868,739.7892954,742.2366752,f,0.4660259,None,10,image1,-3,image2,image1,"['low', 'low', 'low', 'low', 'low', 'low']",0.3,0.7,59,1,2024-11-17_10h26.54.637,实验程序1.0,2024.2.4,60.04682451,2024-11-17 10h27.06.744758 +0800
168,0,168,j,0.4601645,None,,,,,168,0,168,0,742.2816176,,,,,,,,,,,,,,,,,,,,,,,,,,,,742.2745201,742.2816176,744.2226207,744.2226207,743.7393352,746.4578906,j,0.4601645,None,10,image1,-4,image2,image1,"['low', 'low', 'low', 'low', 'low', 'low']",0.3,0.7,59,1,2024-11-17_10h26.54.637,实验程序1.0,2024.2.4,60.04682451,2024-11-17 10h27.06.744758 +0800
169,0,169,f,0.395335,None,,,,,169,0,169,0,746.5674698,,,,,,,,,,,,,,,,,,,,,,,,,,,,746.5602943,746.5674698,747.9893428,747.9893428,747.5726513,750.3630212,f,0.395335,None,10,image1,-5,image2,image1,"['low', 'low', 'low', 'low', 'low', 'low']",0.3,0.7,59,1,2024-11-17_10h26.54.637,实验程序1.0,2024.2.4,60.04682451,2024-11-17 10h27.06.744758 +0800
170,0,170,f,0.4346374,None,,,,,170,0,170,0,750.4146083,,,,,,,,,,,,,,,,,,,,,,,,,,,,750.4073285,750.4146083,752.2559836,752.2559836,751.7893027,753.8781261,f,0.4346374,None,0,image1,-6,image2,image1,"['low', 'low', 'low', 'low', 'low', 'low']",0.3,0.7,59,1,2024-11-17_10h26.54.637,实验程序1.0,2024.2.4,60.04682451,2024-11-17 10h27.06.744758 +0800
171,0,171,j,0.520014,None,,,,,171,0,171,0,753.9293342,,,,,,,,,,,,,,,,,,,,,,,,,,,,753.9224408,753.9293342,755.7893179,755.7893179,755.2394323,757.3039625,j,0.520014,None,0,image2,-7,image2,image1,"['low', 'low', 'low', 'low', 'low', 'high']",0.3,0.7,59,1,2024-11-17_10h26.54.637,实验程序1.0,2024.2.4,60.04682451,2024-11-17 10h27.06.744758 +0800
172,0,172,j,0.4346619,None,,,,,172,0,172,0,757.3490816,,,,,,,,,,,,,,,,,,,,,,,,,,,,757.3419179,757.3490816,758.6393253,758.6393253,758.1729654,760.949977,j,0.4346619,None,10,image2,-8,image2,image1,"['low', 'low', 'low', 'low', 'high', 'high']",0.3,0.7,59,1,2024-11-17_10h26.54.637,实验程序1.0,2024.2.4,60.04682451,2024-11-17 10h27.06.744758 +0800
173,0,173,f,0.3682122,None,,,,,173,0,173,0,761.0534437,,,,,,,,,,,,,,,,,,,,,,,,,,,,761.0466398,761.0534437,762.8559763,762.8559763,762.4560204,764.323847,f,0.3682122,None,10,image2,-9,image2,image1,"['low', 'low', 'low', 'high', 'high', 'high']",0.3,0.7,59,1,2024-11-17_10h26.54.637,实验程序1.0,2024.2.4,60.04682451,2024-11-17 10h27.06.744758 +0800
174,0,174,f,0.6862596,None,,,,,174,0,174,0,764.3757875,,,,,,,,,,,,,,,,,,,,,,,,,,,,764.3687078,764.3757875,766.6061098,766.6061098,765.8894307,768.0889841,f,0.6862596,None,10,image2,-10,image2,image1,"['low', 'low', 'high', 'high', 'high', 'high']",0.3,0.7,59,1,2024-11-17_10h26.54.637,实验程序1.0,2024.2.4,60.04682451,2024-11-17 10h27.06.744758 +0800
175,0,175,f,0.5139325,None,,,,,175,0,175,0,768.1400594,,,,,,,,,,,,,,,,,,,,,,,,,,,,768.1327789,768.1400594,769.5226476,769.5226476,768.9894098,772.2417537,f,0.5139325,None,0,image2,4,image1,image2,[],0.7,0.3,59,1,2024-11-17_10h26.54.637,实验程序1.0,2024.2.4,60.04682451,2024-11-17 10h27.06.744758 +0800
176,0,176,f,0.3455078,None,,,,,176,0,176,0,772.293826,,,,,,,,,,,,,,,,,,,,,,,,,,,,772.2865346,772.293826,773.7893437,773.7893437,773.4229385,776.729993,f,0.3455078,None,0,image1,3,image1,image2,['high'],0.7,0.3,59,1,2024-11-17_10h26.54.637,实验程序1.0,2024.2.4,60.04682451,2024-11-17 10h27.06.744758 +0800
177,0,177,j,0.5597907,None,,,,,177,0,177,0,776.7819461,,,,,,,,,,,,,,,,,,,,,,,,,,,,776.7747406,776.7819461,778.2226015,778.2226015,777.639483,780.8372844,j,0.5597907,None,0,image2,2,image1,image2,"['high', 'low']",0.7,0.3,59,1,2024-11-17_10h26.54.637,实验程序1.0,2024.2.4,60.04682451,2024-11-17 10h27.06.744758 +0800
178,0,178,f,0.4926714,None,,,,,178,0,178,0,780.943106,,,,,,,,,,,,,,,,,,,,,,,,,,,,780.9358632,780.943106,,782.0559877,781.539366,783.8566196,f,0.4926714,None,10,image1,1,image1,image2,"['high', 'low', 'high']",0.7,0.3,59,1,2024-11-17_10h26.54.637,实验程序1.0,2024.2.4,60.04682451,2024-11-17 10h27.06.744758 +0800
179,0,179,j,0.5963002,None,,,,,179,0,179,0,783.9020367,,,,,,,,,,,,,,,,,,,,,,,,,,,,783.8945473,783.9020367,,785.139444,784.5226919,786.8508666,j,0.5963002,None,10,image1,0,image1,image2,"['high', 'low', 'high', 'high']",0.7,0.3,59,1,2024-11-17_10h26.54.637,实验程序1.0,2024.2.4,60.04682451,2024-11-17 10h27.06.744758 +0800
