thisN,thisTrialN,thisRepN,key_resp.keys,key_resp.rt,key_resp.duration,trials.thisRepN,trials.thisTrialN,trials.thisN,trials.thisIndex,thisRow.t,notes,intro.started,key_resp_2.started,intro.stopped,key_resp_2.keys,key_resp_2.rt,key_resp_2.duration,trial.started,time.started,math_problem.started,key_resp.started,textbox0.started,textbox9.started,textbox8.started,textbox7.started,textbox6.started,textbox5.started,textbox4.started,textbox3.started,textbox2.started,textbox1.started,trial.stopped,trials.key_resp.keys,trials.key_resp.rt,trials.key_resp.duration,problem,answer,end.started,end.stopped,ending.started,participant,session,date,expName,psychopyVersion,frameRate,expStart,Unnamed: 48
,,,,,,,,,,,,0.0374125000089407,0.0597697999328374,10.023467999882996,space,9.957024100003764,,,,,,,,,,,,,,,,,,,,,,,,,50,1.0,2024-12-01_15h13.45.686,mist,2024.2.4,60.22561722851552,2024-12-01 15h13.51.011380 +0800,
0.0,0.0,0.0,left,3.5644626000430435,0.0780712000560015,0.0,0.0,0.0,0.0,10.161745799938217,,,,,,,,24.67814110000618,24.76174579993822,24.76174579993822,24.76174579993822,24.76174579993822,24.76174579993822,24.76174579993822,24.76174579993822,24.76174579993822,24.76174579993822,24.76174579993822,24.76174579993822,24.76174579993822,24.76174579993822,31.69311279980466,left,3.5644626000430435,0.0780712000560015,28 / 21 - 6 / 18 = ?,1.0,31.71068809987046,31.71142749991268,,50,1.0,2024-12-01_15h13.45.686,mist,2024.2.4,60.22561722851552,2024-12-01 15h13.51.011380 +0800,
1.0,0.0,1.0,down,4.050463099963963,,1.0,0.0,1.0,0.0,17.217045499943197,,,,,,,,31.73463959982619,31.817045499943198,31.817045499943198,31.817045499943198,31.817045499943198,31.817045499943198,31.817045499943198,31.817045499943198,31.817045499943198,31.817045499943198,31.817045499943198,31.817045499943198,31.817045499943198,31.817045499943198,37.90115079996176,down,4.050463099963963,,(5 - 21) + (12 + 5) = ?,1.0,37.921101099951194,37.92197629986331,,50,1.0,2024-12-01_15h13.45.686,mist,2024.2.4,60.22561722851552,2024-12-01 15h13.51.011380 +0800,
2.0,0.0,2.0,down,3.860991700086743,,2.0,0.0,2.0,0.0,23.42883330001496,,,,,,,,37.94566619992256,38.02883330001496,38.02883330001496,38.02883330001496,38.02883330001496,38.02883330001496,38.02883330001496,38.02883330001496,38.02883330001496,38.02883330001496,38.02883330001496,38.02883330001496,38.02883330001496,38.02883330001496,41.89816959984601,down,3.860991700086743,,18 - 9 - 7 = ?,2.0,41.89852949990891,41.89871839983389,,50,1.0,2024-12-01_15h13.45.686,mist,2024.2.4,60.22561722851552,2024-12-01 15h13.51.011380 +0800,
3.0,0.0,3.0,down,3.4007256000768398,,3.0,0.0,3.0,0.0,27.38241870002821,,,,,,,,41.90819469993003,41.98241870002821,41.98241870002821,41.98241870002821,41.98241870002821,41.98241870002821,41.98241870002821,41.98241870002821,41.98241870002821,41.98241870002821,41.98241870002821,41.98241870002821,41.98241870002821,41.98241870002821,45.396585799893366,down,3.4007256000768398,,16 - 3 - 10 = ?,3.0,45.39688939987681,45.397077300027014,,50,1.0,2024-12-01_15h13.45.686,mist,2024.2.4,60.22561722851552,2024-12-01 15h13.51.011380 +0800,
4.0,0.0,4.0,down,2.646346699912101,,4.0,0.0,4.0,0.0,30.882551199989397,,,,,,,,45.40659499997273,45.482551199989395,45.482551199989395,45.482551199989395,45.482551199989395,45.482551199989395,45.482551199989395,45.482551199989395,45.482551199989395,45.482551199989395,45.482551199989395,45.482551199989395,45.482551199989395,45.482551199989395,48.145321199810134,down,2.646346699912101,,(6 * 2) - (6 * 2) = ?,0.0,48.145622899895535,48.14580989992246,,50,1.0,2024-12-01_15h13.45.686,mist,2024.2.4,60.22561722851552,2024-12-01 15h13.51.011380 +0800,
5.0,0.0,5.0,down,4.831546100089327,,5.0,0.0,5.0,0.0,33.625472999876365,,,,,,,,48.15416790000163,48.22547299987637,48.22547299987637,48.22547299987637,48.22547299987637,48.22547299987637,48.22547299987637,48.22547299987637,48.22547299987637,48.22547299987637,48.22547299987637,48.22547299987637,48.22547299987637,48.22547299987637,55.093751499801876,down,4.831546100089327,,16 * 15 - 18 * 13 = ?,6.0,55.1107634998858,55.11172890001908,,50,1.0,2024-12-01_15h13.45.686,mist,2024.2.4,60.22561722851552,2024-12-01 15h13.51.011380 +0800,
6.0,0.0,6.0,,,,6.0,0.0,6.0,0.0,40.619917899835855,,,,,,,,55.134243299858646,55.219917899835856,55.219917899835856,55.219917899835856,55.219917899835856,55.219917899835856,55.219917899835856,55.219917899835856,55.219917899835856,55.219917899835856,55.219917899835856,55.219917899835856,55.219917899835856,55.219917899835856,61.15715129990131,,,,6 / 20 + 27 / 10 - 2 = ?,1.0,61.17065589982085,61.171477599907675,,50,1.0,2024-12-01_15h13.45.686,mist,2024.2.4,60.22561722851552,2024-12-01 15h13.51.011380 +0800,
7.0,0.0,7.0,down,2.374488899949938,,7.0,0.0,7.0,0.0,46.678361599799246,,,,,,,,61.19677259996533,61.27836159979925,61.27836159979925,61.27836159979925,61.27836159979925,61.27836159979925,61.27836159979925,61.27836159979925,61.27836159979925,61.27836159979925,61.27836159979925,61.27836159979925,61.27836159979925,61.27836159979925,65.68858099998906,down,2.374488899949938,,2 * 6 - 8 / 10 * 15 = ?,0.0,65.7010571999941,65.70201169992797,,50,1.0,2024-12-01_15h13.45.686,mist,2024.2.4,60.22561722851552,2024-12-01 15h13.51.011380 +0800,
8.0,0.0,8.0,down,2.901001900201664,,8.0,0.0,8.0,0.0,51.213545699836686,,,,,,,,65.7307136998512,65.81354569983668,65.81354569983668,65.81354569983668,65.81354569983668,65.81354569983668,65.81354569983668,65.81354569983668,65.81354569983668,65.81354569983668,65.81354569983668,65.81354569983668,65.81354569983668,65.81354569983668,70.75448839985765,down,2.901001900201664,,10 * 5 - 14 / 6 * 18 = ?,8.0,70.7709388999734,70.77193149984814,,50,1.0,2024-12-01_15h13.45.686,mist,2024.2.4,60.22561722851552,2024-12-01 15h13.51.011380 +0800,
9.0,0.0,9.0,down,3.587965999962762,,9.0,0.0,9.0,0.0,56.27905319980346,,,,,,,,70.7951809998136,70.87905319980345,70.87905319980345,70.87905319980345,70.87905319980345,70.87905319980345,70.87905319980345,70.87905319980345,70.87905319980345,70.87905319980345,70.87905319980345,70.87905319980345,70.87905319980345,70.87905319980345,76.50039409999735,down,3.587965999962762,,2 / 5 + 18 / 30 + 4 = ?,5.0,76.5208498999942,76.5215702000074,,50,1.0,2024-12-01_15h13.45.686,mist,2024.2.4,60.22561722851552,2024-12-01 15h13.51.011380 +0800,
10.0,0.0,10.0,down,4.805803500115871,,10.0,0.0,10.0,0.0,62.02504659979604,,,,,,,,76.54280839990824,76.62504659979604,76.62504659979604,76.62504659979604,76.62504659979604,76.62504659979604,76.62504659979604,76.62504659979604,76.62504659979604,76.62504659979604,76.62504659979604,76.62504659979604,76.62504659979604,76.62504659979604,83.47308339984156,down,4.805803500115871,,20 / 16 + 28 / 16 = ?,3.0,83.4911294999998,83.49182060002349,,50,1.0,2024-12-01_15h13.45.686,mist,2024.2.4,60.22561722851552,2024-12-01 15h13.51.011380 +0800,
11.0,0.0,11.0,down,4.1940365000627935,,11.0,0.0,11.0,0.0,68.99739479995333,,,,,,,,83.51068209987133,83.59739479995332,83.59739479995332,83.59739479995332,83.59739479995332,83.59739479995332,83.59739479995332,83.59739479995332,83.59739479995332,83.59739479995332,83.59739479995332,83.59739479995332,83.59739479995332,83.59739479995332,87.80969960000365,down,4.1940365000627935,,(9 * 1) - (2 - 1) = ?,8.0,87.80999159989878,87.81017259988002,,50,1.0,2024-12-01_15h13.45.686,mist,2024.2.4,60.22561722851552,2024-12-01 15h13.51.011380 +0800,
12.0,0.0,12.0,down,3.0755460001528263,,12.0,0.0,12.0,0.0,73.29386279988103,,,,,,,,87.81710100001655,87.89386279988102,87.89386279988102,87.89386279988102,87.89386279988102,87.89386279988102,87.89386279988102,87.89386279988102,87.89386279988102,87.89386279988102,87.89386279988102,87.89386279988102,87.89386279988102,87.89386279988102,90.99176519983448,down,3.0755460001528263,,7 + 3 - 3 = ?,7.0,90.99205579995177,90.99222809998318,,50,1.0,2024-12-01_15h13.45.686,mist,2024.2.4,60.22561722851552,2024-12-01 15h13.51.011380 +0800,
13.0,0.0,13.0,down,4.869595699943602,,13.0,0.0,13.0,0.0,76.4720189999789,,,,,,,,90.9989783998113,91.0720189999789,91.0720189999789,91.0720189999789,91.0720189999789,91.0720189999789,91.0720189999789,91.0720189999789,91.0720189999789,91.0720189999789,91.0720189999789,91.0720189999789,91.0720189999789,91.0720189999789,95.95674620000645,down,4.869595699943602,,5 - 2 + 1 = ?,4.0,95.95702959983609,95.95720329987816,,50,1.0,2024-12-01_15h13.45.686,mist,2024.2.4,60.22561722851552,2024-12-01 15h13.51.011380 +0800,
14.0,0.0,14.0,down,3.393794700037688,,14.0,0.0,14.0,0.0,81.43685929989442,,,,,,,,95.96459609982557,96.03685929989442,96.03685929989442,96.03685929989442,96.03685929989442,96.03685929989442,96.03685929989442,96.03685929989442,96.03685929989442,96.03685929989442,96.03685929989442,96.03685929989442,96.03685929989442,96.03685929989442,101.47206999980844,down,3.393794700037688,,(2 - 16) + (21 - 2) = ?,5.0,101.49090249990113,101.49169689989648,,50,1.0,2024-12-01_15h13.45.686,mist,2024.2.4,60.22561722851552,2024-12-01 15h13.51.011380 +0800,
15.0,0.0,15.0,down,2.4804080000612885,,15.0,0.0,15.0,0.0,86.99612689996138,,,,,,,,101.51153659997507,101.59612689996138,101.59612689996138,101.59612689996138,101.59612689996138,101.59612689996138,101.59612689996138,101.59612689996138,101.59612689996138,101.59612689996138,101.59612689996138,101.59612689996138,101.59612689996138,101.59612689996138,106.11206849981099,down,2.4804080000612885,,19 * 25 - 18 * 26 = ?,7.0,106.13079049987718,106.13161359997466,,50,1.0,2024-12-01_15h13.45.686,mist,2024.2.4,60.22561722851552,2024-12-01 15h13.51.011380 +0800,
16.0,0.0,16.0,down,3.1238553000148386,,16.0,0.0,16.0,0.0,91.6359272999689,,,,,,,,106.15502699990755,106.23592729996889,106.23592729996889,106.23592729996889,106.23592729996889,106.23592729996889,106.23592729996889,106.23592729996889,106.23592729996889,106.23592729996889,106.23592729996889,106.23592729996889,106.23592729996889,106.23592729996889,111.40055389995688,down,3.1238553000148386,,19 / 19 - 24 / 12 + 3 = ?,2.0,111.42106300001032,111.42208499987609,,50,1.0,2024-12-01_15h13.45.686,mist,2024.2.4,60.22561722851552,2024-12-01 15h13.51.011380 +0800,
17.0,0.0,17.0,down,2.3346756000537425,,17.0,0.0,17.0,0.0,96.94706749985926,,,,,,,,111.45175629984587,111.54706749985925,111.54706749985925,111.54706749985925,111.54706749985925,111.54706749985925,111.54706749985925,111.54706749985925,111.54706749985925,111.54706749985925,111.54706749985925,111.54706749985925,111.54706749985925,111.54706749985925,115.91605139980092,down,2.3346756000537425,,21 / 6 + 20 / 8 - 6 = ?,0.0,115.93081249985843,115.93157439995555,,50,1.0,2024-12-01_15h13.45.686,mist,2024.2.4,60.22561722851552,2024-12-01 15h13.51.011380 +0800,
18.0,0.0,18.0,down,2.3844262999482453,,18.0,0.0,18.0,0.0,101.43236949993296,,,,,,,,115.95266439989207,116.03236949993295,116.03236949993295,116.03236949993295,116.03236949993295,116.03236949993295,116.03236949993295,116.03236949993295,116.03236949993295,116.03236949993295,116.03236949993295,116.03236949993295,116.03236949993295,116.03236949993295,120.44870929992757,down,2.3844262999482453,,26 / 19 + 12 / 19 = ?,2.0,120.461392499879,120.46242659995332,,50,1.0,2024-12-01_15h13.45.686,mist,2024.2.4,60.22561722851552,2024-12-01 15h13.51.011380 +0800,
19.0,0.0,19.0,down,3.6124189000111073,,19.0,0.0,19.0,0.0,105.9805452998262,,,,,,,,120.49228379982523,120.5805452998262,120.5805452998262,120.5805452998262,120.5805452998262,120.5805452998262,120.5805452998262,120.5805452998262,120.5805452998262,120.5805452998262,120.5805452998262,120.5805452998262,120.5805452998262,120.5805452998262,126.22731190002523,down,3.6124189000111073,,(9 - 18) + (17 - 2) = ?,6.0,126.24117049984633,126.24192339987493,,50,1.0,2024-12-01_15h13.45.686,mist,2024.2.4,60.22561722851552,2024-12-01 15h13.51.011380 +0800,
20.0,0.0,20.0,down,2.757884800201282,,20.0,0.0,20.0,0.0,111.7494413999375,,,,,,,,126.26201919992454,126.34944139993749,126.34944139993749,126.34944139993749,126.34944139993749,126.34944139993749,126.34944139993749,126.34944139993749,126.34944139993749,126.34944139993749,126.34944139993749,126.34944139993749,126.34944139993749,126.34944139993749,129.12395950001664,down,2.757884800201282,,3 - 3 + 2 = ?,2.0,129.1242798998952,129.1244728999678,,50,1.0,2024-12-01_15h13.45.686,mist,2024.2.4,60.22561722851552,2024-12-01 15h13.51.011380 +0800,
21.0,0.0,21.0,down,1.9008909000549463,,21.0,0.0,21.0,0.0,114.60572889982724,,,,,,,,129.13123869979754,129.20572889982725,129.20572889982725,129.20572889982725,129.20572889982725,129.20572889982725,129.20572889982725,129.20572889982725,129.20572889982725,129.20572889982725,129.20572889982725,129.20572889982725,129.20572889982725,129.20572889982725,131.12332179993393,down,1.9008909000549463,,2 + 1 = ?,3.0,131.12375949989072,131.1239454000257,,50,1.0,2024-12-01_15h13.45.686,mist,2024.2.4,60.22561722851552,2024-12-01 15h13.51.011380 +0800,
22.0,0.0,22.0,down,2.665128800086677,,22.0,0.0,22.0,0.0,116.60350039997138,,,,,,,,131.13074199985712,131.20350039997138,131.20350039997138,131.20350039997138,131.20350039997138,131.20350039997138,131.20350039997138,131.20350039997138,131.20350039997138,131.20350039997138,131.20350039997138,131.20350039997138,131.20350039997138,131.20350039997138,133.88812319994904,down,2.665128800086677,,24 - 19 = ?,5.0,133.8884052998852,133.88857979993335,,50,1.0,2024-12-01_15h13.45.686,mist,2024.2.4,60.22561722851552,2024-12-01 15h13.51.011380 +0800,
23.0,0.0,23.0,down,3.804500099970028,,23.0,0.0,23.0,0.0,119.36940149986184,,,,,,,,133.895970399864,133.96940149986185,133.96940149986185,133.96940149986185,133.96940149986185,133.96940149986185,133.96940149986185,133.96940149986185,133.96940149986185,133.96940149986185,133.96940149986185,133.96940149986185,133.96940149986185,133.96940149986185,137.7865772998426,down,3.804500099970028,,10 - 8 + 3 = ?,5.0,137.78690239987336,137.7870947999414,,50,1.0,2024-12-01_15h13.45.686,mist,2024.2.4,60.22561722851552,2024-12-01 15h13.51.011380 +0800,
24.0,0.0,24.0,down,3.0399547999259084,,24.0,0.0,24.0,0.0,123.26757279993036,,,,,,,,137.79421299989338,137.86757279993037,137.86757279993037,137.86757279993037,137.86757279993037,137.86757279993037,137.86757279993037,137.86757279993037,137.86757279993037,137.86757279993037,137.86757279993037,137.86757279993037,137.86757279993037,137.86757279993037,140.92313609984703,down,3.0399547999259084,,(10 - 10) + (8 - 4) = ?,4.0,140.9234186000191,140.92362789986657,,50,1.0,2024-12-01_15h13.45.686,mist,2024.2.4,60.22561722851552,2024-12-01 15h13.51.011380 +0800,
25.0,0.0,25.0,down,3.3709074000362307,,25.0,0.0,25.0,0.0,126.4055549998302,,,,,,,,140.93186959987506,141.0055549998302,141.0055549998302,141.0055549998302,141.0055549998302,141.0055549998302,141.0055549998302,141.0055549998302,141.0055549998302,141.0055549998302,141.0055549998302,141.0055549998302,141.0055549998302,141.0055549998302,146.41763239996507,down,3.3709074000362307,,2 * 28 - 24 * 2 = ?,8.0,146.43090139995329,146.4315708998125,,50,1.0,2024-12-01_15h13.45.686,mist,2024.2.4,60.22561722851552,2024-12-01 15h13.51.011380 +0800,
26.0,0.0,26.0,down,3.168593499809504,,26.0,0.0,26.0,0.0,131.93301199981943,,,,,,,,146.45033669997937,146.53301199981942,146.53301199981942,146.53301199981942,146.53301199981942,146.53301199981942,146.53301199981942,146.53301199981942,146.53301199981942,146.53301199981942,146.53301199981942,146.53301199981942,146.53301199981942,146.53301199981942,149.71535749980248,down,3.168593499809504,,22 / 2 - 7 / 7 - 5 = ?,5.0,149.7156490999274,149.7158249999862,,50,1.0,2024-12-01_15h13.45.686,mist,2024.2.4,60.22561722851552,2024-12-01 15h13.51.011380 +0800,
27.0,0.0,27.0,down,1.6579666999168694,,27.0,0.0,27.0,0.0,135.20512059982866,,,,,,,,149.72490009982138,149.80512059982865,149.80512059982865,149.80512059982865,149.80512059982865,149.80512059982865,149.80512059982865,149.80512059982865,149.80512059982865,149.80512059982865,149.80512059982865,149.80512059982865,149.80512059982865,149.80512059982865,153.49790999982505,down,1.6579666999168694,,9 * 30 - 19 / 2 * 28 = ?,4.0,153.51153699997812,153.51257359995506,,50,1.0,2024-12-01_15h13.45.686,mist,2024.2.4,60.22561722851552,2024-12-01 15h13.51.011380 +0800,
28.0,0.0,28.0,down,1.3878647000528872,,28.0,0.0,28.0,0.0,139.02299019997008,,,,,,,,153.54242369988933,153.62299019997008,153.62299019997008,153.62299019997008,153.62299019997008,153.62299019997008,153.62299019997008,153.62299019997008,153.62299019997008,153.62299019997008,153.62299019997008,153.62299019997008,153.62299019997008,153.62299019997008,157.04659539987333,down,1.3878647000528872,,20 * 6 / 30 + 9 / 9 = ?,5.0,157.061021799827,157.06206019981764,,50,1.0,2024-12-01_15h13.45.686,mist,2024.2.4,60.22561722851552,2024-12-01 15h13.51.011380 +0800,
29.0,0.0,29.0,down,1.0081819999031725,,29.0,0.0,29.0,0.0,142.58957519987598,,,,,,,,157.10986419990658,157.18957519987597,157.18957519987597,157.18957519987597,157.18957519987597,157.18957519987597,157.18957519987597,157.18957519987597,157.18957519987597,157.18957519987597,157.18957519987597,157.18957519987597,157.18957519987597,157.18957519987597,160.2281840999145,down,1.0081819999031725,,7 / 12 * 11 - 17 / 12 = ?,5.0,160.24155439985915,160.2425961998757,,50,1.0,2024-12-01_15h13.45.686,mist,2024.2.4,60.22561722851552,2024-12-01 15h13.51.011380 +0800,
30.0,0.0,30.0,down,0.4688057000748813,,30.0,0.0,30.0,0.0,145.76755809993483,,,,,,,,160.2748988998588,160.36755809993483,160.36755809993483,160.36755809993483,160.36755809993483,160.36755809993483,160.36755809993483,160.36755809993483,160.36755809993483,160.36755809993483,160.36755809993483,160.36755809993483,160.36755809993483,160.36755809993483,162.87825720002874,down,0.4688057000748813,,11 / 11 + 2 * 2 * 2 = ?,9.0,162.89131020000204,162.89234069981612,,50,1.0,2024-12-01_15h13.45.686,mist,2024.2.4,60.22561722851552,2024-12-01 15h13.51.011380 +0800,
31.0,0.0,31.0,down,1.958987600170076,,31.0,0.0,31.0,0.0,148.40666709979996,,,,,,,,162.92157059991732,163.00666709979996,163.00666709979996,163.00666709979996,163.00666709979996,163.00666709979996,163.00666709979996,163.00666709979996,163.00666709979996,163.00666709979996,163.00666709979996,163.00666709979996,163.00666709979996,163.00666709979996,167.00904509997926,down,1.958987600170076,,20 / 4 + 24 / 12 - 3 = ?,4.0,167.0209566998761,167.02172909993678,,50,1.0,2024-12-01_15h13.45.686,mist,2024.2.4,60.22561722851552,2024-12-01 15h13.51.011380 +0800,
32.0,0.0,32.0,down,3.350148000055924,,32.0,0.0,32.0,0.0,152.5237002999056,,,,,,,,167.04466389995068,167.1237002999056,167.1237002999056,167.1237002999056,167.1237002999056,167.1237002999056,167.1237002999056,167.1237002999056,167.1237002999056,167.1237002999056,167.1237002999056,167.1237002999056,167.1237002999056,167.1237002999056,172.50638850000686,down,3.350148000055924,,30 / 12 + 12 / 8 = ?,4.0,172.5211416998878,172.52198689980432,,50,1.0,2024-12-01_15h13.45.686,mist,2024.2.4,60.22561722851552,2024-12-01 15h13.51.011380 +0800,
33.0,0.0,33.0,down,4.475090499967337,,33.0,0.0,33.0,0.0,158.02938660001382,,,,,,,,172.54475909997709,172.62938660001382,172.62938660001382,172.62938660001382,172.62938660001382,172.62938660001382,172.62938660001382,172.62938660001382,172.62938660001382,172.62938660001382,172.62938660001382,172.62938660001382,172.62938660001382,172.62938660001382,179.13638039994984,down,4.475090499967337,,(9 + 4) - (10 - 6) = ?,9.0,179.15109500000253,179.15214639985933,,50,1.0,2024-12-01_15h13.45.686,mist,2024.2.4,60.22561722851552,2024-12-01 15h13.51.011380 +0800,
34.0,0.0,34.0,down,3.3631196999922395,,34.0,0.0,34.0,0.0,164.66245279996656,,,,,,,,179.17665569987147,179.26245279996655,179.26245279996655,179.26245279996655,179.26245279996655,179.26245279996655,179.26245279996655,179.26245279996655,179.26245279996655,179.26245279996655,179.26245279996655,179.26245279996655,179.26245279996655,179.26245279996655,182.64874160001054,down,3.3631196999922395,,6 - 8 + 6 = ?,4.0,182.64905999987386,182.64925149981863,,50,1.0,2024-12-01_15h13.45.686,mist,2024.2.4,60.22561722851552,2024-12-01 15h13.51.011380 +0800,
35.0,0.0,35.0,down,2.25787919992581,,35.0,0.0,35.0,0.0,168.12970799999312,,,,,,,,182.65609919992275,182.7297079999931,182.7297079999931,182.7297079999931,182.7297079999931,182.7297079999931,182.7297079999931,182.7297079999931,182.7297079999931,182.7297079999931,182.7297079999931,182.7297079999931,182.7297079999931,182.7297079999931,185.00394869982264,down,2.25787919992581,,4 + 2 = ?,6.0,185.0042362999171,185.00441600000485,,50,1.0,2024-12-01_15h13.45.686,mist,2024.2.4,60.22561722851552,2024-12-01 15h13.51.011380 +0800,
36.0,0.0,36.0,down,2.445698999799788,,36.0,0.0,36.0,0.0,170.48304989980534,,,,,,,,185.0114433999639,185.08304989980533,185.08304989980533,185.08304989980533,185.08304989980533,185.08304989980533,185.08304989980533,185.08304989980533,185.08304989980533,185.08304989980533,185.08304989980533,185.08304989980533,185.08304989980533,185.08304989980533,187.5464802998118,down,2.445698999799788,,30 - 26 = ?,4.0,187.5467938998714,187.54697759998962,,50,1.0,2024-12-01_15h13.45.686,mist,2024.2.4,60.22561722851552,2024-12-01 15h13.51.011380 +0800,
37.0,0.0,37.0,down,2.8637697000522166,,37.0,0.0,37.0,0.0,173.02588899992406,,,,,,,,187.5535691998899,187.62588899992406,187.62588899992406,187.62588899992406,187.62588899992406,187.62588899992406,187.62588899992406,187.62588899992406,187.62588899992406,187.62588899992406,187.62588899992406,187.62588899992406,187.62588899992406,187.62588899992406,190.5117765999399,down,2.8637697000522166,,1 + 9 - 6 = ?,4.0,190.5120641998015,190.5122417999897,,50,1.0,2024-12-01_15h13.45.686,mist,2024.2.4,60.22561722851552,2024-12-01 15h13.51.011380 +0800,
38.0,0.0,38.0,down,3.334925399860367,,38.0,0.0,38.0,0.0,175.99240419990383,,,,,,,,190.5191890999209,190.59240419990383,190.59240419990383,190.59240419990383,190.59240419990383,190.59240419990383,190.59240419990383,190.59240419990383,190.59240419990383,190.59240419990383,190.59240419990383,190.59240419990383,190.59240419990383,190.59240419990383,195.96176389991302,down,3.334925399860367,,(6 - 20) + (27 - 8) = ?,5.0,195.98143959990705,195.98226049998772,,50,1.0,2024-12-01_15h13.45.686,mist,2024.2.4,60.22561722851552,2024-12-01 15h13.51.011380 +0800,
39.0,0.0,39.0,down,2.3861059001646936,,39.0,0.0,39.0,0.0,181.4892182999756,,,,,,,,196.00850159991532,196.08921829997558,196.08921829997558,196.08921829997558,196.08921829997558,196.08921829997558,196.08921829997558,196.08921829997558,196.08921829997558,196.08921829997558,196.08921829997558,196.08921829997558,196.08921829997558,196.08921829997558,198.49197899983264,down,2.3861059001646936,,7 * 3 - 4 * 5 = ?,1.0,198.49230029983448,198.49249389991164,,50,1.0,2024-12-01_15h13.45.686,mist,2024.2.4,60.22561722851552,2024-12-01 15h13.51.011380 +0800,
40.0,0.0,40.0,down,1.7373734000138938,,40.0,0.0,40.0,0.0,183.9724663998932,,,,,,,,198.50020989999172,198.5724663998932,198.5724663998932,198.5724663998932,198.5724663998932,198.5724663998932,198.5724663998932,198.5724663998932,198.5724663998932,198.5724663998932,198.5724663998932,198.5724663998932,198.5724663998932,198.5724663998932,202.34286799994297,down,1.7373734000138938,,9 / 3 - 19 / 19 + 5 = ?,7.0,202.36160789979624,202.3624609998893,,50,1.0,2024-12-01_15h13.45.686,mist,2024.2.4,60.22561722851552,2024-12-01 15h13.51.011380 +0800,
41.0,0.0,41.0,down,1.28343589999713,,41.0,0.0,41.0,0.0,187.88197449990548,,,,,,,,202.4035208999645,202.48197449990548,202.48197449990548,202.48197449990548,202.48197449990548,202.48197449990548,202.48197449990548,202.48197449990548,202.48197449990548,202.48197449990548,202.48197449990548,202.48197449990548,202.48197449990548,202.48197449990548,205.80790459983984,down,1.28343589999713,,25 / 5 + 12 / 27 * 9 = ?,9.0,205.82121889982372,205.82199289989654,,50,1.0,2024-12-01_15h13.45.686,mist,2024.2.4,60.22561722851552,2024-12-01 15h13.51.011380 +0800,
42.0,0.0,42.0,down,1.5013933998998257,,42.0,0.0,42.0,0.0,191.33756569982503,,,,,,,,205.8598808999173,205.93756569982503,205.93756569982503,205.93756569982503,205.93756569982503,205.93756569982503,205.93756569982503,205.93756569982503,205.93756569982503,205.93756569982503,205.93756569982503,205.93756569982503,205.93756569982503,205.93756569982503,209.47205399991944,down,1.5013933998998257,,16 / 3 + 12 / 18 * 4 = ?,8.0,209.4911891998723,209.49222549996338,,50,1.0,2024-12-01_15h13.45.686,mist,2024.2.4,60.22561722851552,2024-12-01 15h13.51.011380 +0800,
43.0,0.0,43.0,down,3.2130118999630213,,43.0,0.0,43.0,0.0,194.99929659999907,,,,,,,,209.5182258998044,209.59929659999906,209.59929659999906,209.59929659999906,209.59929659999906,209.59929659999906,209.59929659999906,209.59929659999906,209.59929659999906,209.59929659999906,209.59929659999906,209.59929659999906,209.59929659999906,209.59929659999906,212.8346685999073,down,3.2130118999630213,,24 / 28 - 26 / 14 + 10 = ?,9.0,212.83495929990892,212.83516139993444,,50,1.0,2024-12-01_15h13.45.686,mist,2024.2.4,60.22561722851552,2024-12-01 15h13.51.011380 +0800,
44.0,0.0,44.0,down,2.884127200115472,,44.0,0.0,44.0,0.0,198.32111799996343,,,,,,,,212.8474592998624,212.92111799996343,212.92111799996343,212.92111799996343,212.92111799996343,212.92111799996343,212.92111799996343,212.92111799996343,212.92111799996343,212.92111799996343,212.92111799996343,212.92111799996343,212.92111799996343,212.92111799996343,217.83397429985928,down,2.884127200115472,,22 / 2 + 26 / 26 - 9 = ?,3.0,217.8512767999433,217.85215189997106,,50,1.0,2024-12-01_15h13.45.686,mist,2024.2.4,60.22561722851552,2024-12-01 15h13.51.011380 +0800,
45.0,0.0,45.0,down,4.251713300123811,,45.0,0.0,45.0,0.0,203.3586149998009,,,,,,,,217.8752262998838,217.9586149998009,217.9586149998009,217.9586149998009,217.9586149998009,217.9586149998009,217.9586149998009,217.9586149998009,217.9586149998009,217.9586149998009,217.9586149998009,217.9586149998009,217.9586149998009,217.9586149998009,222.22523339991454,down,4.251713300123811,,6 / 10 + 24 / 10 = ?,3.0,222.22555989995598,222.22575099989768,,50,1.0,2024-12-01_15h13.45.686,mist,2024.2.4,60.22561722851552,2024-12-01 15h13.51.011380 +0800,
46.0,0.0,46.0,down,3.223412499995902,,46.0,0.0,46.0,0.0,207.70838789991103,,,,,,,,222.23389629987068,222.30838789991103,222.30838789991103,222.30838789991103,222.30838789991103,222.30838789991103,222.30838789991103,222.30838789991103,222.30838789991103,222.30838789991103,222.30838789991103,222.30838789991103,222.30838789991103,222.30838789991103,227.5647170000244,down,3.223412499995902,,10 / 4 + 25 / 10 = ?,5.0,227.58140589986,227.5824176998809,,50,1.0,2024-12-01_15h13.45.686,mist,2024.2.4,60.22561722851552,2024-12-01 15h13.51.011380 +0800,
47.0,0.0,47.0,down,3.5169877000153065,,47.0,0.0,47.0,0.0,213.09046239987947,,,,,,,,227.60756569998338,227.69046239987946,227.69046239987946,227.69046239987946,227.69046239987946,227.69046239987946,227.69046239987946,227.69046239987946,227.69046239987946,227.69046239987946,227.69046239987946,227.69046239987946,227.69046239987946,227.69046239987946,233.2443435000256,down,3.5169877000153065,,23 * 15 - 21 * 16 = ?,9.0,233.2616676999256,233.26270469990558,,50,1.0,2024-12-01_15h13.45.686,mist,2024.2.4,60.22561722851552,2024-12-01 15h13.51.011380 +0800,
48.0,0.0,48.0,down,3.3494121998082846,,48.0,0.0,48.0,0.0,218.77937689982355,,,,,,,,233.29386799982748,233.37937689982354,233.37937689982354,233.37937689982354,233.37937689982354,233.37937689982354,233.37937689982354,233.37937689982354,233.37937689982354,233.37937689982354,233.37937689982354,233.37937689982354,233.37937689982354,233.37937689982354,236.74315349981188,down,3.3494121998082846,,8 * 10 - 8 * 9 = ?,8.0,236.74348309999328,236.7436760998331,,50,1.0,2024-12-01_15h13.45.686,mist,2024.2.4,60.22561722851552,2024-12-01 15h13.51.011380 +0800,
49.0,0.0,49.0,down,2.3821529999841005,,49.0,0.0,49.0,0.0,222.2259876998141,,,,,,,,236.75250459988598,236.8259876998141,236.8259876998141,236.8259876998141,236.8259876998141,236.8259876998141,236.8259876998141,236.8259876998141,236.8259876998141,236.8259876998141,236.8259876998141,236.8259876998141,236.8259876998141,236.8259876998141,239.2274768000003,down,2.3821529999841005,,23 * 30 - 23 * 30 = ?,0.0,239.2277681000065,239.22795190000906,,50,1.0,2024-12-01_15h13.45.686,mist,2024.2.4,60.22561722851552,2024-12-01 15h13.51.011380 +0800,
50.0,0.0,50.0,down,2.6623943999875337,,50.0,0.0,50.0,0.0,224.70868089981377,,,,,,,,239.23584449980407,239.30868089981377,239.30868089981377,239.30868089981377,239.30868089981377,239.30868089981377,239.30868089981377,239.30868089981377,239.30868089981377,239.30868089981377,239.30868089981377,239.30868089981377,239.30868089981377,239.30868089981377,244.0065461999271,down,2.6623943999875337,,20 / 3 - 16 / 24 - 3 = ?,3.0,244.02184889991767,244.0226517998613,,50,1.0,2024-12-01_15h13.45.686,mist,2024.2.4,60.22561722851552,2024-12-01 15h13.51.011380 +0800,
51.0,0.0,51.0,down,2.9429393999744207,,51.0,0.0,51.0,0.0,229.52481379988603,,,,,,,,244.0423890998587,244.12481379988603,244.12481379988603,244.12481379988603,244.12481379988603,244.12481379988603,244.12481379988603,244.12481379988603,244.12481379988603,244.12481379988603,244.12481379988603,244.12481379988603,244.12481379988603,244.12481379988603,249.10440139998678,down,2.9429393999744207,,25 / 3 + 16 / 24 - 5 = ?,4.0,249.12125679980963,249.1221284998115,,50,1.0,2024-12-01_15h13.45.686,mist,2024.2.4,60.22561722851552,2024-12-01 15h13.51.011380 +0800,
52.0,0.0,52.0,down,3.408504600171,,52.0,0.0,52.0,0.0,234.63077769987285,,,,,,,,249.14957979987372,249.23077769987285,249.23077769987285,249.23077769987285,249.23077769987285,249.23077769987285,249.23077769987285,249.23077769987285,249.23077769987285,249.23077769987285,249.23077769987285,249.23077769987285,249.23077769987285,249.23077769987285,254.66792509998194,down,3.408504600171,,17 / 17 - 21 / 7 + 11 = ?,9.0,254.68140000002458,254.68232569997198,,50,1.0,2024-12-01_15h13.45.686,mist,2024.2.4,60.22561722851552,2024-12-01 15h13.51.011380 +0800,
53.0,0.0,53.0,down,3.216053700074553,,53.0,0.0,53.0,0.0,240.1937816999853,,,,,,,,254.70710289981216,254.7937816999853,254.7937816999853,254.7937816999853,254.7937816999853,254.7937816999853,254.7937816999853,254.7937816999853,254.7937816999853,254.7937816999853,254.7937816999853,254.7937816999853,254.7937816999853,254.7937816999853,260.06142339985814,down,3.216053700074553,,13 / 2 - 9 / 6 - 2 = ?,3.0,260.0815204998013,260.08254409991207,,50,1.0,2024-12-01_15h13.45.686,mist,2024.2.4,60.22561722851552,2024-12-01 15h13.51.011380 +0800,
54.0,0.0,54.0,down,3.336422399850562,,54.0,0.0,54.0,0.0,245.60101959994063,,,,,,,,260.11522439997646,260.20101959994065,260.20101959994065,260.20101959994065,260.20101959994065,260.20101959994065,260.20101959994065,260.20101959994065,260.20101959994065,260.20101959994065,260.20101959994065,260.20101959994065,260.20101959994065,260.20101959994065,263.560980999982,down,3.336422399850562,,6 * 3 - 6 * 2 = ?,6.0,263.5613200000022,263.5615374999121,,50,1.0,2024-12-01_15h13.45.686,mist,2024.2.4,60.22561722851552,2024-12-01 15h13.51.011380 +0800,
55.0,0.0,55.0,down,5.490689199883491,,55.0,0.0,55.0,0.0,249.0411723998841,,,,,,,,263.56823939983735,263.6411723998841,263.6411723998841,263.6411723998841,263.6411723998841,263.6411723998841,263.6411723998841,263.6411723998841,263.6411723998841,263.6411723998841,263.6411723998841,263.6411723998841,263.6411723998841,263.6411723998841,269.1418455998879,down,5.490689199883491,,(2 + 14) - (19 - 9) = ?,6.0,269.1421308998484,269.14230539989654,,50,1.0,2024-12-01_15h13.45.686,mist,2024.2.4,60.22561722851552,2024-12-01 15h13.51.011380 +0800,
56.0,0.0,56.0,down,4.197340300073847,,56.0,0.0,56.0,0.0,254.62235019984652,,,,,,,,269.14930819990116,269.2223501998465,269.2223501998465,269.2223501998465,269.2223501998465,269.2223501998465,269.2223501998465,269.2223501998465,269.2223501998465,269.2223501998465,269.2223501998465,269.2223501998465,269.2223501998465,269.2223501998465,273.4395761998836,down,4.197340300073847,,(1 + 21) - (19 - 1) = ?,4.0,273.43989279996606,273.4400721999351,,50,1.0,2024-12-01_15h13.45.686,mist,2024.2.4,60.22561722851552,2024-12-01 15h13.51.011380 +0800,
57.0,0.0,57.0,down,1.6999665000475943,,57.0,0.0,57.0,0.0,258.91899259993806,,,,,,,,273.44706059983,273.5189925999381,273.5189925999381,273.5189925999381,273.5189925999381,273.5189925999381,273.5189925999381,273.5189925999381,273.5189925999381,273.5189925999381,273.5189925999381,273.5189925999381,273.5189925999381,273.5189925999381,275.2387986999471,down,1.6999665000475943,,8 / 17 - 8 / 17 = ?,0.0,275.2391530998517,275.2393271000125,,50,1.0,2024-12-01_15h13.45.686,mist,2024.2.4,60.22561722851552,2024-12-01 15h13.51.011380 +0800,
58.0,0.0,58.0,down,2.508069100091234,,58.0,0.0,58.0,0.0,260.7199921000283,,,,,,,,275.2468429998495,275.31999210002834,275.31999210002834,275.31999210002834,275.31999210002834,275.31999210002834,275.31999210002834,275.31999210002834,275.31999210002834,275.31999210002834,275.31999210002834,275.31999210002834,275.31999210002834,275.31999210002834,279.85480320001955,down,2.508069100091234,,6 / 3 - 28 / 2 + 18 = ?,6.0,279.87140620001594,279.8723216000013,,50,1.0,2024-12-01_15h13.45.686,mist,2024.2.4,60.22561722851552,2024-12-01 15h13.51.011380 +0800,
59.0,0.0,59.0,down,2.0309868999756877,,59.0,0.0,59.0,0.0,265.3816998000257,,,,,,,,279.90377529980617,279.9816998000257,279.9816998000257,279.9816998000257,279.9816998000257,279.9816998000257,279.9816998000257,279.9816998000257,279.9816998000257,279.9816998000257,279.9816998000257,279.9816998000257,279.9816998000257,279.9816998000257,284.0531713998877,down,2.0309868999756877,,4 * 19 - 12 / 5 * 30 = ?,4.0,284.07167969984005,284.07265099990184,,50,1.0,2024-12-01_15h13.45.686,mist,2024.2.4,60.22561722851552,2024-12-01 15h13.51.011380 +0800,
60.0,0.0,60.0,down,1.589315199991688,,60.0,0.0,60.0,0.0,269.5826792998705,,,,,,,,284.1029893999454,284.18267929987053,284.18267929987053,284.18267929987053,284.18267929987053,284.18267929987053,284.18267929987053,284.18267929987053,284.18267929987053,284.18267929987053,284.18267929987053,284.18267929987053,284.18267929987053,284.18267929987053,287.8085231000092,down,1.589315199991688,,19 / 12 * 8 - 22 / 6 = ?,9.0,287.8215440999717,287.82228849981914,,50,1.0,2024-12-01_15h13.45.686,mist,2024.2.4,60.22561722851552,2024-12-01 15h13.51.011380 +0800,
61.0,0.0,61.0,down,1.539682799950242,,61.0,0.0,61.0,0.0,273.3357316998299,,,,,,,,287.8629662000109,287.93573169982994,287.93573169982994,287.93573169982994,287.93573169982994,287.93573169982994,287.93573169982994,287.93573169982994,287.93573169982994,287.93573169982994,287.93573169982994,287.93573169982994,287.93573169982994,287.93573169982994,291.51722249984743,down,1.539682799950242,,26 / 10 / 26 + 19 / 10 = ?,2.0,291.53160519981765,291.5320806998294,,50,1.0,2024-12-01_15h13.45.686,mist,2024.2.4,60.22561722851552,2024-12-01 15h13.51.011380 +0800,
62.0,0.0,62.0,down,2.8956488000694662,,62.0,0.0,62.0,0.0,277.02245209994726,,,,,,,,291.5447404998355,291.6224520999473,291.6224520999473,291.6224520999473,291.6224520999473,291.6224520999473,291.6224520999473,291.6224520999473,291.6224520999473,291.6224520999473,291.6224520999473,291.6224520999473,291.6224520999473,291.6224520999473,296.54842459983195,down,2.8956488000694662,,5 * 10 - 9 / 3 * 15 = ?,5.0,296.5615602998529,296.5623000000138,,50,1.0,2024-12-01_15h13.45.686,mist,2024.2.4,60.22561722851552,2024-12-01 15h13.51.011380 +0800,
63.0,0.0,63.0,down,2.4649690999649465,,63.0,0.0,63.0,0.0,282.0627055999357,,,,,,,,296.5850556999445,296.66270559993575,296.66270559993575,296.66270559993575,296.66270559993575,296.66270559993575,296.66270559993575,296.66270559993575,296.66270559993575,296.66270559993575,296.66270559993575,296.66270559993575,296.66270559993575,296.66270559993575,301.1634398998227,down,2.4649690999649465,,5 / 3 + 4 / 12 + 4 = ?,6.0,301.1815626999829,301.1825540998485,,50,1.0,2024-12-01_15h13.45.686,mist,2024.2.4,60.22561722851552,2024-12-01 15h13.51.011380 +0800,
64.0,0.0,64.0,down,2.213659900007769,,64.0,0.0,64.0,0.0,286.70124799991027,,,,,,,,301.21359439999804,301.3012479999103,301.3012479999103,301.3012479999103,301.3012479999103,301.3012479999103,301.3012479999103,301.3012479999103,301.3012479999103,301.3012479999103,301.3012479999103,301.3012479999103,301.3012479999103,301.3012479999103,303.5257304000203,down,2.213659900007769,,17 / 17 + 9 / 9 = ?,2.0,303.52601239983926,303.5261845999863,,50,1.0,2024-12-01_15h13.45.686,mist,2024.2.4,60.22561722851552,2024-12-01 15h13.51.011380 +0800,
65.0,0.0,65.0,down,4.888234799960628,,65.0,0.0,65.0,0.0,289.0061710998416,,,,,,,,303.53310060002843,303.6061710998416,303.6061710998416,303.6061710998416,303.6061710998416,303.6061710998416,303.6061710998416,303.6061710998416,303.6061710998416,303.6061710998416,303.6061710998416,303.6061710998416,303.6061710998416,303.6061710998416,308.50700539993124,down,4.888234799960628,,(5 - 3) - (6 - 9) = ?,5.0,308.5072951998096,308.50751319983976,,50,1.0,2024-12-01_15h13.45.686,mist,2024.2.4,60.22561722851552,2024-12-01 15h13.51.011380 +0800,
66.0,0.0,66.0,,,,66.0,0.0,66.0,0.0,293.98677249997854,,,,,,,,308.51437159990894,308.58677249997857,308.58677249997857,308.58677249997857,308.58677249997857,308.58677249997857,308.58677249997857,308.58677249997857,308.58677249997857,308.58677249997857,308.58677249997857,308.58677249997857,308.58677249997857,308.58677249997857,315.1893234999385,down,4.56064959987998,,(6 - 24) + (22 * 1) = ?,4.0,315.2016955999657,,300.6124102999456,50,,,,,,,
